(+ (ln x) (ln y))	(ln (* x y))
(- (ln x) (ln y))	(ln (/ x y))
(+ (ln x) (ln x))	(ln (pow x 2))
(ln (exp x))	x
(exp (ln x))	x
(pow e (* 2 (ln x)))	(pow x 2)
(* (pow a x) (pow a y))	(pow a (+ x y))
(/ (pow a x) (pow a y))	(pow a (- x y))
(log b (pow b x))	x
(pow b (log b x))	x
(/ (ln x) (ln b))	(log b x)
(* (log a b) (log b c))	(log a c)
(/ 1 (log a b))	(log b a)
(+ (log b x) (log b y))	(log b (* x y))
(- (log b x) (log b y))	(log b (/ x y))
(log b 1)	0
(log b b)	1
(sqrt (pow x 2))	x
(pow (sqrt x) 2)	x
(* (sqrt x) (sqrt y))	(sqrt (* x y))
(/ (sqrt x) (sqrt y))	(sqrt (/ x y))
(* (exp x) (exp y))	(exp (+ x y))
(/ (exp x) (exp y))	(exp (- x y))
(* (exp x) (exp x))	(exp (* 2 x))
(log (pow b 2) (pow x 2))	(log b x)
(+ (log b x) (log b (/ 1 x)))	0
(ln (* x (exp y)))	(+ (ln x) y)
(ln (/ (exp x) x))	(- x (ln x))
(pow 4 (log 2 x))	(pow x 2)
(/ (log b x) (log b y))	(log y x)
(exp (* 3 (ln x)))	(pow x 3)
(/ (log b x) 2)	(log b (sqrt x))
(+ (ln (sqrt x)) (ln (sqrt x)))	(ln x)
(pow (pow x 2) 0.5)	x
(* (pow x 0.5) (pow x 0.5))	x
(ln (pow e x))	x
(log 10 (pow 10 x))	x
(exp (- (ln x) (ln y)))	(/ x y)
(pow e (+ (ln x) (ln y)))	(* x y)
(* (log b a) (log a b))	1
(/ (ln x) (ln 2))	(log 2 x)
(/ (ln x) (ln 3))	(log 3 x)
(/ (ln x) (ln 4))	(log 4 x)
(/ (ln x) (ln 5))	(log 5 x)
(/ (ln x) (ln 6))	(log 6 x)
(/ (ln x) (ln 7))	(log 7 x)
(/ (ln x) (ln 8))	(log 8 x)
(/ (ln x) (ln 10))	(log 10 x)
(/ (ln (* x y)) (ln 2))	(log 2 (* x y))
(/ (log 10 x) (log 10 2))	(log 2 x)
(/ (log 10 x) (log 10 3))	(log 3 x)
(/ (log 10 x) (log 10 5))	(log 5 x)
(/ (log 10 x) (log 10 7))	(log 7 x)
(/ (log 2 x) (log 2 3))	(log 3 x)
(/ (log 2 x) (log 2 5))	(log 5 x)
(/ (log 2 x) (log 2 7))	(log 7 x)
(/ (log 2 x) (log 2 6))	(log 6 x)
(/ (log 3 x) (log 3 2))	(log 2 x)
(/ (log 3 x) (log 3 5))	(log 5 x)
(/ (log 3 x) (log 3 7))	(log 7 x)
(/ (log 5 x) (log 5 2))	(log 2 x)
(/ (log 5 x) (log 5 3))	(log 3 x)
(/ (log 7 x) (log 7 2))	(log 2 x)
(/ (log a x) (log a 2))	(log 2 x)
(/ (log a x) (log a 3))	(log 3 x)
(/ (log a x) (log a 5))	(log 5 x)
(/ (log a x) (log a 10))	(log 10 x)
(/ 1 (log 2 x))	(log x 2)
(/ 1 (log 3 x))	(log x 3)
(/ 1 (log 5 x))	(log x 5)
(/ 1 (log 7 x))	(log x 7)
(/ 1 (log 10 x))	(log x 10)
(/ 1 (log 4 x))	(log x 4)
(/ 1 (log 6 x))	(log x 6)
(/ 1 (log 8 x))	(log x 8)
(/ 1 (ln x))	(log x e)
(/ 1 (log x 2))	(log 2 x)
(/ 1 (log x 3))	(log 3 x)
(/ 1 (log 10 2))	(log 2 10)
(* (log 2 x) (log x 2))	1
(* (log 3 x) (log x 3))	1
(* (log 4 x) (log x 4))	1
(* (log 5 x) (log x 5))	1
(* (log 6 x) (log x 6))	1
(* (log 10 x) (log x 10))	1
(* (log 2 3) (log 3 2))	1
(* (log 2 x) (log x y))	(log 2 y)
(* (log 3 x) (log x y))	(log 3 y)
(* (log 5 x) (log x y))	(log 5 y)
(* (log x 2) (log 2 y))	(log x y)
(* (log x 3) (log 3 y))	(log x y)
(* (log x 5) (log 5 y))	(log x y)
(* (log x 10) (log 10 y))	(log x y)
(* (log x e) (ln y))	(log x y)
(* (log 7 4) (log 4 12))	(log 7 12)
(* (log 3 2) (* (log 4 3) (log 5 4)))	(log 5 2)
(* (log 2 3) (* (log 3 4) (* (log 4 5) (* (log 5 6) (* (log 6 7) (log 7 8))))))	3
(* (log 2 3) (log 3 16))	4
(* (log 2 3) (log 3 4))	2
(* (log 3 5) (log 5 9))	2
(* (log a b) (* (log b c) (log c a)))	1
(* (log 2 x) (* (log x y) (log y 2)))	1
(pow 2 (log 2 x))	x
(pow 3 (log 3 x))	x
(pow 5 (log 5 x))	x
(pow 10 (log 10 x))	x
(pow 8 (log 2 x))	(pow x 3)
(pow 16 (log 2 x))	(pow x 4)
(pow 9 (log 3 x))	(pow x 2)
(pow 27 (log 3 x))	(pow x 3)
(pow 25 (log 5 x))	(pow x 2)
(pow 100 (log 10 x))	(pow x 2)
(pow 16 (log 4 x))	(pow x 2)
(pow 2 (log 4 x))	(sqrt x)
(pow 3 (log 9 x))	(sqrt x)
(pow 5 (log 25 x))	(sqrt x)
(pow 6 (log 36 x))	(sqrt x)
(pow 4 (log 16 x))	(sqrt x)
(pow 10 (log 100 x))	(sqrt x)
(pow 2 (log 8 x))	(pow x 0.3333333333333333)
(pow b (log b 2))	2
(pow 2 (* 2 (log 2 x)))	(pow x 2)
(pow 3 (* 2 (log 3 x)))	(pow x 2)
(pow 2 (* 0.5 (log 2 x)))	(sqrt x)
(pow (sqrt 2) (log 2 x))	(sqrt x)
(sqrt (pow 4 (log 2 x)))	x
(pow 4 (log 2 3))	9
(pow 9 (log 3 2))	4
(pow 25 (log 5 2))	4
(pow e (/ (ln x) 2))	(sqrt x)
(pow 2 (/ (ln x) (ln 2)))	x
(pow 5 (/ (ln x) (ln 5)))	x
(pow 10 (/ (ln x) (ln 10)))	x
(exp (* (ln 2) (log 2 x)))	x
(exp (* (ln x) (log x 2)))	2
(pow x (/ (ln y) (ln x)))	y
(pow 7 (/ 1 (log x 7)))	x
(pow x (/ 1 (log y x)))	y
(log 2 (pow 2 x))	x
(log 3 (pow 3 x))	x
(log 4 (pow 2 x))	(/ x 2)
(log 8 (pow 2 x))	(/ x 3)
(log 2 (pow 4 x))	(* 2 x)
(log 2 (pow 8 x))	(* 3 x)
(log 2 (pow x (log x 8)))	3
(log (pow 2 x) (pow 2 (* x y)))	y
(log 4 (pow x 2))	(log 2 x)
(log 8 (pow x 3))	(log 2 x)
(log 9 (pow x 2))	(log 3 x)
(log 25 (pow x 2))	(log 5 x)
(log 27 (pow x 3))	(log 3 x)
(log 16 (pow x 4))	(log 2 x)
(log 100 (pow x 2))	(log 10 x)
(log 36 (pow x 2))	(log 6 x)
(log 49 (pow x 2))	(log 7 x)
(log (pow b 3) (pow x 3))	(log b x)
(/ (log 2 x) 2)	(log 4 x)
(/ (log 2 x) 3)	(log 8 x)
(/ (log 2 x) 4)	(log 16 x)
(/ (log 3 x) 2)	(log 9 x)
(/ (log 5 x) 2)	(log 25 x)
(/ (log 6 x) 2)	(log 36 x)
(/ (log 7 x) 2)	(log 49 x)
(/ (log 10 x) 2)	(log 100 x)
(* 2 (log 4 x))	(log 2 x)
(* 3 (log 8 x))	(log 2 x)
(* 4 (log 16 x))	(log 2 x)
(* 2 (log 9 x))	(log 3 x)
(* 2 (log 100 x))	(log 10 x)
(* 2 (log (pow b 2) x))	(log b x)
(/ (log 2 x) (log 2 (sqrt 2)))	(log (sqrt 2) x)
(/ (ln x) (* 2 (ln 2)))	(log 4 x)
(/ (ln x) (* 3 (ln 2)))	(log 8 x)
(/ (ln x) (* 2 (ln 3)))	(log 9 x)
(/ (ln (pow x 2)) (ln 4))	(log 2 x)
(/ (ln (pow x 3)) (ln 8))	(log 2 x)
(/ (log 2 x) (log 4 x))	2
(/ (log 2 x) (log 8 x))	3
(/ (log 2 x) (log 16 x))	4
(/ (log 3 x) (log 9 x))	2
(/ (log 5 x) (log 25 x))	2
(/ (log 4 x) (log 2 x))	0.5
(/ (log 8 x) (log 2 x))	0.3333333333333333
(/ (log 9 x) (log 3 x))	0.5
(/ (ln x) (log 2 x))	(ln 2)
(/ (ln x) (log 3 x))	(ln 3)
(/ (ln x) (log 10 x))	(ln 10)
(* (ln x) (log x 2))	(ln 2)
(* (ln x) (log x y))	(ln y)
(* (log 9 x) (log x 3))	0.5
(* (log 4 x) (log x 2))	0.5
(* (log 8 x) (log x 2))	0.3333333333333333
(* (log 2 x) (log x 8))	3
(* (log 2 x) (log x 4))	2
(* (log 3 x) (log x 9))	2
(/ (log 2 x) (log 2 y))	(log y x)
(/ (log 3 x) (log 3 y))	(log y x)
(/ (log 10 x) (log 10 y))	(log y x)
(+ (/ 1 (log 2 x)) (/ 1 (log 3 x)))	(log x 6)
(+ (/ 1 (log 2 x)) (/ 1 (log 5 x)))	(log x 10)
(+ (/ 1 (log 3 x)) (/ 1 (log 4 x)))	(log x 12)
(- (/ 1 (log 6 x)) (/ 1 (log 2 x)))	(log x 3)
(- (/ 1 (log 2 x)) (/ 1 (log 4 x)))	(* -1 (log x 2))
(+ (log x 2) (log x 3))	(log x 6)
(+ (log x 2) (log x 5))	(log x 10)
(+ (log x 4) (log x 9))	(log x 36)
(+ (/ 1 (log 2 6)) (/ 1 (log 3 6)))	1
(+ (/ 1 (log 2 12)) (/ 1 (log 6 12)))	1
(+ (/ 1 (log 3 12)) (/ 1 (log 4 12)))	1
(/ 1 (+ 1 (log a b)))	(log (* a b) a)
(/ 1 (+ 1 (log 2 x)))	(log (* 2 x) 2)
(log 4 8)	1.5
(log 64 8)	0.5
(log 4 32)	2.5
(log 9 27)	1.5
(log 25 125)	1.5
(log 16 2)	0.25
(log 8 32)	1.6666666666666667
(log 27 81)	1.3333333333333333
(log (/ 1 27) 9)	-0.6666666666666666
(/ (ln 1000) (ln 8))	(log 2 10)
(/ (ln 343) (ln 8))	(log 2 7)
(/ (ln 8) (ln 2))	3
(/ (ln 27) (ln 3))	3
(/ (ln 32) (ln 2))	5
(/ (log 10 100) (log 10 2))	(log 2 100)
(log x (pow x 3))	3
(log x (sqrt x))	0.5
(* (* (log a b) (log b c)) (log c d))	(log a d)
(* (* (* (log a b) (log b c)) (log c d)) (log d f))	(log a f)
(* (log 7 x) (log x y))	(log 7 y)
(* (log 10 x) (log x y))	(log 10 y)
(* (* (log 2 x) (log x y)) (log y z))	(log 2 z)
(* (* (log 3 x) (log x y)) (log y z))	(log 3 z)
(* (* (log 10 x) (log x y)) (log y z))	(log 10 z)
(* (* (* (log 2 x) (log x y)) (log y z)) (log z w))	(log 2 w)
(* (log 7 x) (log x 7))	1
(* (log 2 x) (log x 32))	5
(* (log 2 x) (log x 64))	6
(* (log 2 x) (log x 16))	4
(* (log 3 x) (log x 81))	4
(* (log 3 x) (log x 27))	3
(* (log 5 x) (log x 125))	3
(* (log 5 x) (log x 25))	2
(* (log 7 x) (log x 49))	2
(* (log 10 x) (log x 100))	2
(* (log 10 x) (log x 1000))	3
(* (log 4 x) (log x 64))	3
(* (log 6 x) (log x 36))	2
(* (log 2 x) (log x 128))	7
(* (* (log 2 3) (log 3 4)) (log 4 8))	3
(* (* (log 3 x) (log x y)) (log y 9))	2
(* (* (log 2 x) (log x y)) (log y 8))	3
(* (* (log 5 x) (log x y)) (log y 25))	2
(* (log 4 x) (log x 8))	(/ 3 2)
(/ 1 (log x 10))	(log 10 x)
(/ 1 (* (log a b) (log b c)))	(log c a)
(/ (log 5 x) (log 5 y))	(log y x)
(+ (/ 1 (log a x)) (/ 1 (log b x)))	(log x (* a b))
(+ (+ (/ 1 (log a x)) (/ 1 (log b x))) (/ 1 (log c x)))	(log x (* (* a b) c))
(+ (/ 1 (log 4 x)) (/ 1 (log 25 x)))	(log x 100)
(+ (/ 1 (log 2 x)) (/ 1 (log 8 x)))	(* 4 (log x 2))
(+ (+ (/ 1 (log 2 x)) (/ 1 (log 4 x))) (/ 1 (log 8 x)))	(* 6 (log x 2))
(- (/ 1 (log a x)) (/ 1 (log b x)))	(log x (/ a b))
(+ (/ 1 (log a x)) (/ 1 (log (pow a 2) x)))	(* 3 (log x a))
(+ (/ 1 (log 3 x)) (/ 1 (log 9 x)))	(* 3 (log x 3))
(+ (/ 1 (log 2 x)) (/ 1 (log 4 x)))	(* 3 (log x 2))
(+ (log 2 x) (log 2 y))	(log 2 (* x y))
(+ (log 3 x) (log 3 y))	(log 3 (* x y))
(+ (log 10 x) (log 10 y))	(log 10 (* x y))
(+ (log 5 x) (log 5 y))	(log 5 (* x y))
(- (log 2 x) (log 2 y))	(log 2 (/ x y))
(- (log 10 x) (log 10 y))	(log 10 (/ x y))
(- (log 3 x) (log 3 y))	(log 3 (/ x y))
(+ (+ (log a x) (log a y)) (log a z))	(log a (* (* x y) z))
(+ (+ (log 2 x) (log 2 y)) (log 2 z))	(log 2 (* (* x y) z))
(- (log 5 x) (log 5 y))	(log 5 (/ x y))
(+ (log 2 8) (log 2 x))	(+ 3 (log 2 x))
(+ (log 3 9) (log 3 x))	(+ 2 (log 3 x))
(+ (log 10 100) (log 10 x))	(+ 2 (log 10 x))
(+ (log 2 4) (log 2 x))	(+ 2 (log 2 x))
(+ (log 5 25) (log 5 x))	(+ 2 (log 5 x))
(- (log 2 (* x y)) (log 2 x))	(log 2 y)
(- (log a (* x y)) (log a y))	(log a x)
(log a (/ (pow x 2) x))	(log a x)
(+ (log a x) (log a x))	(log a (pow x 2))
(log 2 (pow (pow x 2) 3))	(* 6 (log 2 x))
(log a (pow (pow x 3) 2))	(* 6 (log a x))
(log 10 (* (pow x 2) (pow x 3)))	(* 5 (log 10 x))
(log a (pow (sqrt x) 4))	(* 2 (log a x))
(log b (* (* x x) x))	(* 3 (log b x))
(* 2 (log a (sqrt x)))	(log a x)
(+ (log 2 (sqrt x)) (log 2 (sqrt x)))	(log 2 x)
(+ (log a (sqrt x)) (log a (sqrt y)))	(log a (sqrt (* x y)))
(- (log 2 (pow x 3)) (log 2 x))	(* 2 (log 2 x))
(- (log a 1) (log a x))	(log a (/ 1 x))
(+ (* 0.5 (ln x)) (* 0.5 (ln y)))	(ln (sqrt (* x y)))
(+ (+ (ln x) (ln y)) (ln z))	(ln (* (* x y) z))
(log (pow a 2) (pow x 4))	(* 2 (log a x))
(log (pow a 3) (pow x 6))	(* 2 (log a x))
(log (pow a 2) (pow x 6))	(* 3 (log a x))
(log (pow a 2) (pow x 10))	(* 5 (log a x))
(log (pow a 4) (pow x 8))	(* 2 (log a x))
(log (pow a 5) (pow x 5))	(log a x)
(log (sqrt a) (pow x 2))	(* 4 (log a x))
(log (sqrt a) (sqrt x))	(log a x)
(* 4 (log (pow a 2) x))	(* 2 (log a x))
(log (pow 2 3) (pow x 3))	(log 2 x)
(log (sqrt 2) (pow x 2))	(* 4 (log 2 x))
(log (sqrt 3) (pow x 2))	(* 4 (log 3 x))
(pow e (ln x))	x
(pow a (* 2 (log a x)))	(pow x 2)
(pow 2 (* 3 (log 2 x)))	(pow x 3)
(pow a (+ (log a x) (log a y)))	(* x y)
(pow a (- (log a x) (log a y)))	(/ x y)
(pow (sqrt a) (log a x))	(sqrt x)
(pow (pow a 2) (log a x))	(pow x 2)
(pow (pow a 3) (log a x))	(pow x 3)
(pow 10 (+ (log 10 x) (log 10 y)))	(* x y)
(pow b (* (log b a) (log a x)))	x
(pow e (* 4 (ln x)))	(pow x 4)
(pow e (* 0.5 (ln x)))	(sqrt x)
(exp (* 2 (ln x)))	(pow x 2)
(exp (* 0.5 (ln x)))	(sqrt x)
(exp (+ (ln x) (ln y)))	(* x y)
(exp (* x (ln y)))	(pow y x)
(exp (- (* 2 (ln x)) (ln y)))	(/ (pow x 2) y)
(ln (pow (exp x) 2))	(* 2 x)
(log e x)	(ln x)
(log e (pow x 3))	(* 3 (ln x))
(log 3 (pow 9 x))	(* 2 x)
(log 5 (pow 25 x))	(* 2 x)
(log 9 (pow 3 x))	(/ x 2)
(log a (pow b (log b x)))	(log a x)
(ln (pow x (log x y)))	(ln y)
(sqrt (pow x (log x y)))	(sqrt y)
(+ (log a x) (log (pow a 2) (pow x 2)))	(* 2 (log a x))
(* (log 2 (pow x 2)) (log x 2))	2
(/ (log 2 (pow x 3)) (log 2 x))	3
(/ (ln (pow x 5)) (ln x))	5
(/ (log x (pow y 2)) (log x y))	2
(* (log a (pow b 2)) (log b (pow a 2)))	4
(* (log a (pow b 3)) (log b a))	3
(/ (log b x) (log b (sqrt x)))	2
(/ (log 3 (pow x 4)) (log 3 (pow x 2)))	2
(* (log x y) (log y (pow x 2)))	2
(* (log 6 x) (log x y))	(log 6 y)
(* (log 4 x) (log x y))	(log 4 y)
(* (* (log 5 x) (log x y)) (log y z))	(log 5 z)
(* (* (log 7 x) (log x y)) (log y z))	(log 7 z)
(* (log 4 x) (log x 16))	2
(* (log 4 x) (log x 256))	4
(* (log 2 x) (log x 256))	8
(* (log 3 x) (log x 243))	5
(* (log 2 x) (log x 512))	9
(* (log 10 x) (log x 10000))	4
(* (log 5 x) (log x 625))	4
(* (log 16 x) (log x 2))	(/ 1 4)
(* (log 25 x) (log x 5))	(/ 1 2)
(* (log 27 x) (log x 3))	(/ 1 3)
(* (log 8 x) (log x 4))	(/ 2 3)
(* (log 9 x) (log x 27))	(/ 3 2)
(/ 1 (log x 5))	(log 5 x)
(/ 1 (log x 7))	(log 7 x)
(/ (log 7 x) (log 7 y))	(log y x)
(+ (/ 1 (log 3 x)) (/ 1 (log 5 x)))	(log x 15)
(+ (/ 1 (log 2 x)) (/ 1 (log 7 x)))	(log x 14)
(+ (/ 1 (log 4 x)) (/ 1 (log 9 x)))	(log x 36)
(+ (/ 1 (log 5 x)) (/ 1 (log 25 x)))	(* 3 (log x 5))
(- (/ 1 (log 8 x)) (/ 1 (log 2 x)))	(* 2 (log x 2))
(+ (log 4 x) (log 4 y))	(log 4 (* x y))
(+ (log 7 x) (log 7 y))	(log 7 (* x y))
(- (log 7 x) (log 7 y))	(log 7 (/ x y))
(+ (log 3 27) (log 3 x))	(+ 3 (log 3 x))
(+ (log 2 16) (log 2 x))	(+ 4 (log 2 x))
(+ (log 10 1000) (log 10 x))	(+ 3 (log 10 x))
(- (log 2 x) (log 2 8))	(- (log 2 x) 3)
(log 32 (pow x 5))	(log 2 x)
(log 81 (pow x 4))	(log 3 x)
(log 125 (pow x 3))	(log 5 x)
(log 1000 (pow x 3))	(log 10 x)
(log 64 (pow x 6))	(log 2 x)
(pow 32 (log 2 x))	(pow x 5)
(pow 81 (log 3 x))	(pow x 4)
(pow 125 (log 5 x))	(pow x 3)
(pow 2 (log 16 x))	(pow x 0.25)
(pow 7 (log 7 x))	x
(pow 6 (log 6 x))	x
(log 7 (pow 7 x))	x
(log 5 (pow 5 x))	x
(log 3 (pow 27 x))	(* 3 x)
(log 10 (pow 100 x))	(* 2 x)
(log 27 (pow 3 x))	(/ x 3)
(log 16 (pow 4 x))	(/ x 2)
(exp (* 5 (ln x)))	(pow x 5)
(exp (+ (+ (ln x) (ln y)) (ln z)))	(* (* x y) z)
(exp (* 2 (+ (ln x) (ln y))))	(pow (* x y) 2)
(ln (pow (exp x) 3))	(* 3 x)
(log e (pow x 5))	(* 5 (ln x))
(* (log 2 x) (ln 2))	(ln x)
(* (* (log 6 x) (log x y)) (log y 36))	2
(* (* (log 10 x) (log x y)) (log y 100))	2
(* (* (log 2 x) (log x y)) (log y 32))	5
(/ (log 2 (pow x 5)) (log 2 x))	5
(/ (log a (pow x 3)) (log a x))	3
(/ (ln (pow x 7)) (ln x))	7
(* (log a (pow b 4)) (log b a))	4
(* (log a (pow b 2)) (log b (pow a 3)))	6
(* (log 2 (pow x 3)) (log x 2))	3
(* (log 5 (pow x 2)) (log x 5))	2
(pow a (* 4 (log a x)))	(pow x 4)
(pow a (* 0.5 (log a x)))	(sqrt x)
(pow 10 (- (log 10 x) (log 10 y)))	(/ x y)
(pow 2 (+ (log 2 x) (log 2 y)))	(* x y)
(log (pow a 2) (pow x 8))	(* 4 (log a x))
(log (pow a 3) (pow x 9))	(* 3 (log a x))
(log (pow a 3) (pow x 12))	(* 4 (log a x))
(log (sqrt a) (pow x 3))	(* 6 (log a x))
(log (sqrt 5) (pow x 2))	(* 4 (log 5 x))
(log (sqrt a) (pow x 4))	(* 8 (log a x))
(* 6 (log (pow a 3) x))	(* 2 (log a x))
(* 9 (log (pow a 3) x))	(* 3 (log a x))
(+ (log 3 (sqrt x)) (log 3 (sqrt x)))	(log 3 x)
(- (log 5 x) (log 5 25))	(- (log 5 x) 2)
(+ (+ (log 2 x) (log 2 y)) (log 2 8))	(+ (log 2 (* x y)) 3)
(/ (log 2 x) (log 2 (sqrt x)))	2
(+ (log a (pow x 2)) (log a (pow x 3)))	(* 5 (log a x))
(- (log a (pow x 5)) (log a (pow x 2)))	(* 3 (log a x))
(exp (* -1 (ln x)))	(/ 1 x)
(exp (* -2 (ln x)))	(pow x -2)
(+ (log 10 6) (log 10 11))	(log 10 66)
(+ (log 10 5) (log 10 3))	(log 10 15)
(- (* 5 (log 10 6)) (* 5 (log 10 11)))	(log 10 (pow (/ 6 11) 5))
(+ (log 10 3) (* 3 (log 10 2)))	(log 10 24)
(- (* 4 (log 10 2)) (log 10 5))	(log 10 (/ 16 5))
(- (* 6 (log 10 6)) (* 6 (log 10 5)))	(log 10 (pow (/ 6 5) 6))
(- (log 10 x) (* 6 (log 10 y)))	(log 10 (/ x (pow y 6)))
(+ (* 2 (log 10 a)) (* 2 (log 10 b)))	(log 10 (pow (* a b) 2))
(- (* 4 (log 10 u)) (log 10 v))	(log 10 (/ (pow u 4) v))
(- (log 10 x) (* 5 (log 10 y)))	(log 10 (/ x (pow y 5)))
(+ (/ (log 10 x) 3) (+ (/ (log 10 y) 3) (/ (log 10 z) 3)))	(log 10 (pow (* x (* y z)) (/ 1 3)))
(+ (log 10 x) (+ (log 10 y) (* 2 (log 10 z))))	(log 10 (* x (* y (pow z 2))))
(- (log 10 3) (log 10 8))	(log 10 (/ 3 8))
(- (* 4 (log 10 3)) (* 4 (log 10 8)))	(log 10 (pow (/ 3 8) 4))
(+ (log 10 2) (+ (log 10 11) (log 10 7)))	(log 10 154)
(- (log 10 7) (* 2 (log 10 12)))	(log 10 (/ 7 144))
(+ (* 6 (log 3 u)) (* 6 (log 3 v)))	(log 3 (pow (* u v) 6))
(- (ln x) (* 4 (ln y)))	(ln (/ x (pow y 4)))
(- (log 4 u) (* 6 (log 4 v)))	(log 4 (/ u (pow v 6)))
(- (log 3 u) (* 5 (log 3 v)))	(log 3 (/ u (pow v 5)))
(+ (* 20 (log 6 u)) (* 5 (log 6 v)))	(log 6 (pow (* (pow u 4) v) 5))
(- (* 4 (log 3 u)) (* 20 (log 3 v)))	(log 3 (pow (/ u (pow v 5)) 4))
(- (* 2 (- (log 10 (* 2 x)) (log 10 y))) (+ (log 10 3) (* 2 (log 10 5))))	(log 10 (/ (* 4 (pow x 2)) (* 75 (pow y 2))))
(- (* 3 (log 9 2)) (* 2 (log 9 5)))	(log 9 (/ 8 25))
(+ (log 6 x) (+ (log 6 y) (* 6 (log 6 z))))	(log 6 (* x (* y (pow z 6))))
(+ (* 2 (log 5 x)) (* 12 (log 5 y)))	(log 5 (pow (* x (pow y 6)) 2))
(+ (log 3 12) (+ (log 3 7) (* 4 (log 3 5))))	(log 3 52500)
(+ (log 2 5) (+ (/ (log 2 6) 2) (/ (log 2 11) 2)))	(log 2 (* 5 (sqrt 66)))
(- (* 3 (log 2 3)) (* 12 (log 2 7)))	(* 3 (log 2 (/ 3 (pow 7 4))))
(- (* 4 (log 7 x)) (* 2 (log 7 y)))	(log 7 (/ (pow x 4) (pow y 2)))
(- (* 3 (log 7 2)) (* 2 (log 7 5)))	(log 7 (/ 8 25))
(+ (log 3 z) (+ (/ (log 3 x) 3) (/ (log 3 y) 3)))	(log 3 (* z (pow (* x y) (/ 1 3))))
(- (* 3 (log 5 a)) (* 3 (log 5 b)))	(log 5 (pow (/ a b) 3))
(+ (* 2 (log 6 u)) (* 6 (log 6 v)))	(log 6 (pow (* u (pow v 3)) 2))
(+ (* 4 (log 4 12)) (* 8 (log 4 7)))	(* 4 (log 4 (* 12 (pow 7 2))))
(+ (* 4 (log 8 3)) (* 5 (log 8 2)))	(log 8 2592)
(+ (log 5 7) (+ (/ (log 5 10) 2) (/ (log 5 3) 2)))	(log 5 (* 7 (sqrt 30)))
(+ (* 18 (ln 11)) (* 6 (ln 12)))	(* 6 (ln (* (pow 11 3) 12)))
(+ (* 25 (log 2 x)) (* 5 (log 2 y)))	(log 2 (pow (* (pow x 5) y) 5))
(- (* 24 (log 2 x)) (* 4 (log 2 y)))	(log 2 (pow (/ (pow x 6) y) 4))
(+ (* 5 (log 10 2)) (* 30 (log 10 5)))	(* 5 (log 10 (* 2 (pow 5 6))))
(+ (* 4 (log 5 a)) (* 4 (log 5 b)))	(log 5 (pow (* a b) 4))
(+ (log 8 x) (+ (log 8 y) (* 6 (log 8 z))))	(log 8 (* x (* y (pow z 6))))
(+ (* 4 (log 6 x)) (* 2 (log 6 y)))	(log 6 (pow (* (pow x 2) y) 2))
(+ (* 5 (log 3 w)) (/ (log 3 u) 3))	(/ (log 3 (* (pow w 15) u)) 3)
(- (* 20 (log 9 8)) (* 4 (log 9 11)))	(* 4 (log 9 (/ (pow 8 5) 11)))
(- (* 25 (log 8 2)) (* 5 (log 8 11)))	(log 8 (pow (/ 32 11) 5))
(+ (* 5 (ln 7)) (* 3 (ln 8)))	(ln (* (pow 7 5) 512))
(+ (log 10 c) (+ (/ (log 10 a) 3) (/ (log 10 b) 3)))	(log 10 (* c (pow (* a b) (/ 1 3))))
(+ (log 8 7) (+ (/ (log 8 6) 3) (/ (log 8 5) 3)))	(log 8 (* 7 (pow 30 (/ 1 3))))
(+ (* 10 (log 6 8)) (* 5 (log 6 3)))	(* 5 (log 6 (* 3 (pow 8 2))))
(- (* 2 (log 2 6)) (* 4 (log 2 7)))	(log 2 (/ 36 2401))
(- (* 3 (log 9 2)) (* 18 (log 9 5)))	(* 3 (log 9 (/ 2 (pow 5 6))))
(+ (* 5 (log 7 10)) (* 5 (log 7 11)))	(* 5 (log 7 110))
(+ (log 2 11) (+ (/ (log 2 3) 2) (/ (log 2 10) 2)))	(log 2 (* 11 (sqrt 30)))
(- (log 6 u) (log 6 v))	(log 6 (/ u v))
(* 4 (log 7 5))	(log 7 625)
(- (log 5 6) (log 5 7))	(log 5 (/ 6 7))
(/ (* 3 (log 4 x)) 2)	(log 4 (pow x 1.5))
(+ (* 6 (log 6 3)) (* 6 (log 6 11)))	(* 6 (log 6 33))
(+ (log 6 a) (* 3 (log 6 b)))	(log 6 (* a (pow b 3)))
(+ (log 4 a) (+ (log 4 b) (log 4 c)))	(log 4 (* a (* b c)))
(+ (log 5 10) (* 3 (log 5 11)))	(log 5 13310)
(+ (* 6 (log 7 x)) (* 6 (log 7 y)))	(log 7 (pow (* x y) 6))
(+ (* 9 (log 2 x)) (* 3 (log 2 y)))	(log 2 (pow (* (pow x 3) y) 3))
(+ (* 4 (log 3 z)) (/ (log 3 x) 2))	(log 3 (* (pow z 4) (sqrt x)))
(+ (log 9 z) (+ (/ (log 9 x) 2) (/ (log 9 y) 2)))	(log 9 (* z (sqrt (* x y))))
(- (* 5 (log 8 a)) (* 20 (log 8 b)))	(log 8 (pow (/ a (pow b 4)) 5))
(+ (* 6 (log 8 x)) (* 2 (log 8 y)))	(log 8 (pow (* (pow x 3) y) 2))
(- (* 2 (log 2 a)) (* 8 (log 2 b)))	(log 2 (pow (/ a (pow b 4)) 2))
(* 6 (log 5 10))	(log 5 1000000)
(+ (log 4 2) (log 4 7))	(log 4 14)
(- (* 5 (log 7 11)) (log 7 8))	(log 7 (/ (pow 11 5) 8))
(+ (log 3 x) (* 2 (log 3 y)))	(log 3 (* x (pow y 2)))
(+ (log 10 u) (+ (log 10 v) (log 10 w)))	(log 10 (* u (* v w)))
(+ (log 2 12) (+ (log 2 7) (log 2 5)))	(log 2 420)
(+ (/ (log 5 x) 2) (+ (/ (log 5 y) 2) (/ (log 5 z) 2)))	(log 5 (sqrt (* x (* y z))))
(- (* 3 (log 6 a)) (* 6 (log 6 b)))	(log 6 (pow (/ a (pow b 2)) 3))
(+ (/ (log 7 x) 3) (+ (/ (log 7 y) 3) (/ (log 7 z) 3)))	(log 7 (pow (* x (* y z)) (/ 1 3)))
(- (* 3 (log 4 a)) (* 3 (log 4 b)))	(log 4 (pow (/ a b) 3))
(+ (* 3 (log 3 u)) (* 15 (log 3 v)))	(log 3 (pow (* u (pow v 5)) 3))
(+ (* 3 (log 5 u)) (* 12 (log 5 v)))	(log 5 (pow (* u (pow v 4)) 3))
(* 5 (log 9 11))	(log 9 161051)
(- (log 8 u) (log 8 v))	(log 8 (/ u v))
(+ (log 8 x) (log 8 y))	(log 8 (* x y))
(- (* 4 (log 3 x)) (* 4 (log 3 y)))	(log 3 (pow (/ x y) 4))
(- (* 4 (log 4 8)) (log 4 7))	(log 4 (/ 4096 7))
(- (* 5 (log 4 7)) (* 5 (log 4 12)))	(log 4 (pow (/ 7 12) 5))
(+ (log 6 a) (+ (log 6 b) (log 6 c)))	(log 6 (* a (* b c)))
(- (* 5 (log 5 x)) (log 5 y))	(log 5 (/ (pow x 5) y))
(- (* 30 (log 9 x)) (* 6 (log 9 y)))	(log 9 (pow (/ (pow x 5) y) 6))
(+ (ln x) (+ (ln y) (* 6 (ln z))))	(ln (* x (* y (pow z 6))))
(+ (* 3 (log 8 w)) (/ (log 8 u) 3))	(/ (log 8 (* (pow w 9) u)) 3)
(- (* 20 (log 7 a)) (* 4 (log 7 b)))	(log 7 (pow (/ (pow a 5) b) 4))
(+ (* 3 (log 2 u)) (* 4 (log 2 v)))	(log 2 (* (pow u 3) (pow v 4)))
(- (log 4 x) (log 4 y))	(log 4 (/ x y))
(* 6 (log 6 7))	(log 6 117649)
(- (* 3 (log 2 x)) (* 3 (log 2 y)))	(log 2 (pow (/ x y) 3))
(- (* 5 (log 10 u)) (log 10 v))	(log 10 (/ (pow u 5) v))
(- (* 3 (log 7 a)) (* 3 (log 7 b)))	(log 7 (pow (/ a b) 3))
(- (log 7 12) (* 5 (log 7 5)))	(log 7 (/ 12 3125))
(- (* 5 (log 9 6)) (* 5 (log 9 11)))	(log 9 (pow (/ 6 11) 5))
(- (log 8 x) (* 5 (log 8 y)))	(log 8 (/ x (pow y 5)))
(+ (* 30 (log 10 a)) (* 6 (log 10 b)))	(log 10 (pow (* (pow a 5) b) 6))
(+ (log 3 c) (+ (/ (log 3 a) 2) (/ (log 3 b) 2)))	(log 3 (* c (sqrt (* a b))))
(+ (log 5 z) (+ (/ (log 5 x) 2) (/ (log 5 y) 2)))	(log 5 (* z (sqrt (* x y))))
(- (* 6 (ln x)) (* 36 (ln y)))	(ln (pow (/ x (pow y 6)) 6))
(- (* 5 (log 3 x)) (* 2 (log 3 y)))	(log 3 (/ (pow x 5) (pow y 2)))
(- (* 3 (log 6 u)) (* 18 (log 6 v)))	(log 6 (pow (/ u (pow v 6)) 3))
(+ (* 6 (ln x)) (* 3 (ln y)))	(ln (* (pow x 6) (pow y 3)))
(+ (log 8 x) (+ (log 8 y) (* 3 (log 8 z))))	(log 8 (* x (* y (pow z 3))))
(- (* 12 (log 9 3)) (* 4 (log 9 7)))	(log 9 (pow (/ 27 7) 4))
(- (* 9 (log 7 x)) (* 3 (log 7 y)))	(log 7 (pow (/ (pow x 3) y) 3))
(+ (* 6 (log 8 a)) (* 5 (log 8 b)))	(log 8 (* (pow a 6) (pow b 5)))
(+ (* 3 (log 4 6)) (* 3 (log 4 11)))	(log 4 287496)
(- (* 6 (log 3 u)) (* 2 (log 3 v)))	(log 3 (pow (/ (pow u 3) v) 2))
(+ (/ (ln u) 3) (+ (/ (ln v) 3) (/ (ln w) 3)))	(ln (pow (* u (* v w)) (/ 1 3)))
(+ (log 6 3) (+ (log 6 2) (* 6 (log 6 5))))	(log 6 93750)
(+ (log 4 2) (+ (log 4 11) (* 4 (log 4 7))))	(log 4 52822)
(+ (* 5 (log 6 c)) (/ (log 6 a) 3))	(/ (log 6 (* (pow c 15) a)) 3)
(- (* 10 (ln 5)) (* 5 (ln 2)))	(ln (/ (pow 5 10) 32))
(- (* 18 (log 5 x)) (* 6 (log 5 y)))	(log 5 (pow (/ (pow x 3) y) 6))
(+ (* 3 (log 4 7)) (/ (log 4 2) 3))	(/ (log 4 (* (pow 7 9) 2)) 3)
(+ (log 2 u) (+ (log 2 v) (* 2 (log 2 w))))	(log 2 (* u (* v (pow w 2))))
(+ (* 18 (log 9 12)) (* 6 (log 9 7)))	(* 6 (log 9 (* (pow 12 3) 7)))
(+ (* 5 (log 9 c)) (/ (log 9 a) 3))	(/ (log 9 (* (pow c 15) a)) 3)
(+ (* 20 (log 7 x)) (* 4 (log 7 y)))	(log 7 (pow (* (pow x 5) y) 4))
(+ (* 2 (log 7 z)) (/ (log 7 x) 2))	(log 7 (* (pow z 2) (sqrt x)))
(+ (log 8 u) (+ (log 8 v) (* 5 (log 8 w))))	(log 8 (* u (* v (pow w 5))))
(- (* 2 (log 6 u)) (* 8 (log 6 v)))	(log 6 (pow (/ u (pow v 4)) 2))
(+ (* 8 (log 5 a)) (* 2 (log 5 b)))	(log 5 (pow (* (pow a 4) b) 2))
(+ (* 8 (log 3 12)) (* 2 (log 3 5)))	(* 2 (log 3 (* (pow 12 4) 5)))
(- (* 3 (log 4 u)) (* 18 (log 4 v)))	(log 4 (pow (/ u (pow v 6)) 3))
(+ (* 2 (log 5 z)) (/ (log 5 x) 2))	(log 5 (* (pow z 2) (sqrt x)))
(- (* 6 (log 2 u)) (* 24 (log 2 v)))	(log 2 (pow (/ u (pow v 4)) 6))
(- (* 6 (log 10 8)) (* 30 (log 10 11)))	(* 6 (log 10 (/ 8 (pow 11 5))))
(- (* 4 (log 9 11)) (* 4 (log 9 7)))	(log 9 (pow (/ 11 7) 4))
(- (* 3 (log 10 x)) (* 5 (log 10 y)))	(log 10 (/ (pow x 3) (pow y 5)))
(- (* 6 (log 6 10)) (* 24 (log 6 3)))	(log 6 (pow (/ 10 81) 6))
(+ (ln z) (+ (/ (ln x) 3) (/ (ln y) 3)))	(ln (* z (pow (* x y) (/ 1 3))))
(+ (* 3 (log 4 x)) (* 9 (log 4 y)))	(log 4 (pow (* x (pow y 3)) 3))
(- (* 5 (log 4 a)) (* 6 (log 4 b)))	(log 4 (/ (pow a 5) (pow b 6)))
(- (* 4 (log 2 11)) (* 6 (log 2 6)))	(log 2 (/ (pow 11 4) (pow 6 6)))
(+ (log 7 z) (+ (/ (log 7 x) 3) (/ (log 7 y) 3)))	(log 7 (* z (pow (* x y) (/ 1 3))))
(+ (* 2 (log 2 x)) (* 10 (log 2 y)))	(log 2 (pow (* x (pow y 5)) 2))
(+ (log 5 w) (+ (/ (log 5 u) 3) (/ (log 5 v) 3)))	(log 5 (* w (pow (* u v) (/ 1 3))))
(+ (log 3 7) (+ (/ (log 3 10) 3) (/ (log 3 11) 3)))	(log 3 (* 7 (pow 110 (/ 1 3))))
(+ (/ (log 9 u) 2) (+ (/ (log 9 v) 2) (/ (log 9 w) 2)))	(log 9 (sqrt (* u (* v w))))
(pow (ln e) 5)	1
(ln (pow e 5))	5
(pow 4 (ln e))	4
(ln (sqrt e))	0.5
(exp (ln 2))	2
(exp (* 3 (ln 2)))	8
(pow (exp (ln 2)) 3)	8
(exp (* 2 (ln 3)))	9
(exp (* -1 (ln 2)))	0.5
(exp (* -3 (ln 2)))	0.125
(* 5 (exp (ln (/ 6 5))))	6
(exp (+ (ln 2) (ln 3)))	6
(exp (+ (ln 2) (ln 0.5)))	1
(exp (- (* 2 (ln 2)) (* 3 (ln 3))))	(/ 4 27)
(ln (exp (ln (exp 2))))	2
(exp (* -1 (ln (exp (ln 3)))))	(/ 1 3)
(ln (exp 7))	7
(ln (/ 1 (exp 9)))	-9
(ln (exp 3))	3
(ln (pow e (/ 1 7)))	(/ 1 7)
(exp (ln 5))	5
(ln (/ 1 (exp 4)))	-4
(pow 10 (log 10 56))	56
(* (exp (ln 6)) (exp (ln 2)))	12
(log 4 (pow 16 x))	(* 2 x)
(pow 5 (log 5 (* 6 x)))	(* 6 x)
(log 9 (pow 81 (+ x 2)))	(+ (* 2 x) 4)
(+ (ln (/ 1 x)) (ln (/ 1 y)))	(* -1 (ln (* x y)))
(- (* 2 (ln 7)) (ln 5))	(ln (/ 49 5))
(/ (ln e) 7)	(/ 1 7)
(exp (/ (ln x) 2))	(sqrt x)
(- (+ (* 4 (ln x)) (ln y)) (ln 7))	(ln (/ (* (pow x 4) y) 7))
(- (+ (log 3 5) (log 3 8)) (log 3 2))	(log 3 20)
(* 2 (log 3 5))	(log 3 25)
(+ (log 2 (pow x 2)) (* 0.5 (log 2 (+ x 1))))	(log 2 (* (pow x 2) (sqrt (+ x 1))))
(/ (ln 3) (ln 5))	(log 5 3)
(/ (ln 10) (ln 2))	(log 2 10)
(+ (ln 2) (ln 3))	(ln 6)
(- (ln 3) (ln 2))	(ln 1.5)
(* 2 (ln 3))	(ln 9)
(+ (* 2 (ln 2)) (ln 3))	(ln 12)
(pow e (* pi (ln 2)))	(pow 2 pi)
(pow e (* x (ln pi)))	(pow pi x)
(+ (ln (* 3 x)) (* 0.5 (ln (+ (* 4 (pow x 2)) 2))))	(ln (* (* 3 x) (sqrt (+ (* 4 (pow x 2)) 2))))
(+ (+ (ln 4) (* 2 (ln x))) (* 0.5 (ln (+ (pow x 2) 5))))	(ln (* (* 4 (pow x 2)) (sqrt (+ (pow x 2) 5))))
(- (ln (+ (* 13 (pow t 2)) 1)) (ln (+ (* 5 t) 3)))	(ln (/ (+ (* 13 (pow t 2)) 1) (+ (* 5 t) 3)))
(* 0.5 (- (ln (+ (* 4 (pow t 2)) 3)) (ln (+ (pow t 4) 1))))	(ln (sqrt (/ (+ (* 4 (pow t 2)) 3) (+ (pow t 4) 1))))
(+ (ln 3) (* 2 (ln x)))	(ln (* 3 (pow x 2)))
(ln (* (pow a 10) (exp (pow x 2))))	(+ (* 10 (ln a)) (pow x 2))
(- (* 2 (ln x)) (ln (* 2 (ln x))))	(ln (/ (pow x 2) (ln (pow x 2))))
(* 10 (exp (* (/ (ln 3) 5) t)))	(* 10 (pow 3 (/ t 5)))
(* 6 (pow (exp (ln (/ 5 6))) t))	(* 6 (pow (/ 5 6) t))
(ln (exp (* 0.003 t)))	(* 0.003 t)
(ln (exp (* 5 k)))	(* 5 k)
(ln (* (exp a) (exp b)))	(+ a b)
(pow (exp (* 2 a)) 3)	(exp (* 6 a))
(+ (ln x) (* 0.5 (ln (+ x 1))))	(ln (* x (sqrt (+ x 1))))
(ln (/ (exp x) (pow x 2)))	(- x (* 2 (ln x)))
(ln (* (pow x 2) (exp (* 3 x))))	(+ (* 2 (ln x)) (* 3 x))
(ln (/ (exp (* 2 x)) (exp x)))	x
(exp (+ x (ln 2)))	(* 2 (exp x))
(exp (- x (ln 3)))	(/ (exp x) 3)
(exp (+ x (ln x)))	(* x (exp x))
(ln (* (pow e 2) x))	(+ 2 (ln x))
(ln (/ (pow e 3) x))	(- 3 (ln x))
(ln (sqrt (exp x)))	(* 0.5 x)
(sqrt (exp (* 2 x)))	(exp x)
(* (exp (* 2 x)) (exp (* 3 x)))	(exp (* 5 x))
(/ (exp (* 5 x)) (exp (* 2 x)))	(exp (* 3 x))
(* (exp (+ x y)) (exp (- x y)))	(exp (* 2 x))
(* (exp x) (exp (* -1 x)))	1
(ln (* (exp x) (exp (* 2 x))))	(* 3 x)
(pow e (+ (ln x) 1))	(* e x)
(pow e (- 1 (ln x)))	(/ e x)
(exp (* 2 (ln (+ x 1))))	(pow (+ x 1) 2)
(exp (ln (pow x 3)))	(pow x 3)
(ln (exp (pow x 2)))	(pow x 2)
(exp (ln (* 2 x)))	(* 2 x)
(exp (ln (/ x 2)))	(/ x 2)
(pow e (* -2 (ln x)))	(/ 1 (pow x 2))
(/ 1 (exp (* -1 x)))	(exp x)
(pow (exp 1) x)	(exp x)
(+ (+ (log 3 30) (log 3 x)) (log 3 (+ (* 3 x) 4)))	(log 3 (* (* 30 x) (+ (* 3 x) 4)))
(- (+ (log 2 (* 15 x)) (log 2 (+ x 1))) (log 2 (+ (* 3 x) 4)))	(log 2 (/ (* (* 15 x) (+ x 1)) (+ (* 3 x) 4)))
(+ (* 6 (log 6 2)) (* 3 (log 6 x)))	(log 6 (* 64 (pow x 3)))
(- (* 2 (log 10 x)) (* 4 (log 10 (+ x 5))))	(log 10 (/ (pow x 2) (pow (+ x 5) 4)))
(* 0.5 (log 10 x))	(log 10 (sqrt x))
(ln (exp (exp x)))	(exp x)
(exp (ln (ln (+ x 2))))	(ln (+ x 2))
(ln (pow e (pow x 2)))	(pow x 2)
(ln (/ y (exp x)))	(- (ln y) x)
(ln (/ (exp x) (exp y)))	(- x y)
(* (exp x) (* (exp y) (exp z)))	(exp (+ x (+ y z)))
(pow (exp x) (ln y))	(pow y x)
(* 0.5 (+ (ln x) (ln y)))	(ln (sqrt (* x y)))
(+ (ln (sqrt x)) (ln (sqrt y)))	(ln (sqrt (* x y)))
(- (ln (* x y)) (ln x))	(ln y)
(+ (ln (* 2 x)) (ln (* 3 x)))	(ln (* 6 (pow x 2)))
(- (ln (* 6 x)) (ln (* 2 x)))	(ln 3)
(exp (ln (sqrt x)))	(sqrt x)
(exp (/ x 2))	(sqrt (exp x))
(* x (exp (ln x)))	(pow x 2)
(/ (exp (ln x)) x)	1
(ln (* e e))	2
(ln (pow e e))	e
(pow (sqrt e) (* 2 x))	(exp x)
(ln (/ 1 e))	-1
(ln (/ 1 (pow e 2)))	-2
(exp (* x (ln 2)))	(pow 2 x)
(exp (* x (ln 10)))	(pow 10 x)
(pow 2 (/ x (ln 2)))	(exp x)
(/ (ln (pow x 3)) (ln x))	3
(exp (* 4 (ln x)))	(pow x 4)
(exp (ln (pow x 2)))	(pow x 2)
(ln (exp (/ x y)))	(/ x y)
(ln (exp (- x y)))	(- x y)
(ln (exp (+ x 1)))	(+ x 1)
(* (exp (ln x)) (exp (ln y)))	(* x y)
(/ (exp (ln x)) (exp (ln y)))	(/ x y)
(- (+ (ln x) (ln y)) (ln z))	(ln (/ (* x y) z))
(+ (ln x) (* 2 (ln y)))	(ln (* x (pow y 2)))
(- (ln x) (* 3 (ln y)))	(ln (/ x (pow y 3)))
(+ (* 2 (ln x)) (* 3 (ln y)))	(ln (* (pow x 2) (pow y 3)))
(- (* 0.5 (ln x)) (ln y))	(ln (/ (sqrt x) y))
(+ (ln 5) (ln (pow x 2)))	(ln (* 5 (pow x 2)))
(pow (exp 2) (* 3 x))	(exp (* 6 x))
(ln (/ (exp (* 3 x)) (exp x)))	(* 2 x)
(* 5 (exp (ln x)))	(* 5 x)
(exp (* 2 (ln (sqrt x))))	x
(* 0.5 (- (ln x) (ln y)))	(ln (sqrt (/ x y)))
(ln (exp (* x (ln y))))	(* x (ln y))
(pow e (ln (* x y)))	(* x y)
(pow e (* 3 (ln x)))	(pow x 3)
(ln (* (exp 2) (exp x)))	(+ 2 x)
(* (exp 2) (exp x))	(exp (+ 2 x))
(ln (* e (exp x)))	(+ 1 x)
(log e (exp x))	x
(/ (ln x) (ln e))	(ln x)
(pow (pow e 2) x)	(exp (* 2 x))
(* 0.5 (ln (+ x 1)))	(ln (sqrt (+ x 1)))
(exp (ln (+ x y)))	(+ x y)
(exp (+ (ln 3) x))	(* 3 (exp x))
(ln (/ 1 (sqrt x)))	(* -0.5 (ln x))
(ln (/ 1 (pow x 2)))	(* -2 (ln x))
(* 2 (ln (exp x)))	(* 2 x)
(- x (ln (exp y)))	(- x y)
(+ (ln (exp x)) (ln (exp y)))	(+ x y)
(* y (ln (exp x)))	(* x y)
(exp (ln 1))	1
(ln (exp 0))	0
(ln 1)	0
(ln e)	1
(exp 0)	1
(exp (ln e))	e
(pow e 0)	1
(exp (* k (/ (ln 2) k)))	2
(exp (* t (ln 0.5)))	(pow 0.5 t)
(exp (* -1 (* t (ln 2))))	(pow 0.5 t)
(exp (/ (* t (ln 2)) 5))	(pow 2 (/ t 5))
(* (* 2 (pow m 2)) (* 2 (pow m 3)))	(* 4 (pow m 5))
(* (pow m 4) (* 2 (pow m -3)))	(* 2 m)
(* (* 4 (pow r -3)) (* 2 (pow r 2)))	(/ 8 r)
(* (* 4 (pow n 4)) (* 2 (pow n -3)))	(* 8 n)
(* (* 2 (pow k 4)) (* 4 k))	(* 8 (pow k 5))
(* (* 2 (* (pow x 3) (pow y -3))) (* 2 (* (pow x -1) (pow y 3))))	(* 4 (pow x 2))
(* (* 2 (pow y 2)) (* 3 x))	(* 6 (* x (pow y 2)))
(* (* 4 (pow v 3)) (* v (pow u 2)))	(* 4 (* (pow u 2) (pow v 4)))
(* (* 4 (* (pow a 3) (pow b 2))) (* 3 (* (pow a -4) (pow b -3))))	(/ 12 (* a b))
(* (* (pow x 2) (pow y -4)) (* (pow x 3) (pow y 2)))	(/ (pow x 5) (pow y 2))
(pow (pow x 2) 0)	1
(pow (* 4 (pow r 0)) 4)	256
(pow (* 4 (pow a 3)) 2)	(* 16 (pow a 6))
(pow (* 3 (pow k 4)) 4)	(* 81 (pow k 16))
(pow (* 4 (* x y)) -1)	(/ 0.25 (* x y))
(pow (* 2 (pow b 4)) -1)	(/ 0.5 (pow b 4))
(pow (* (pow x 2) (pow y -1)) 2)	(/ (pow x 4) (pow y 2))
(pow (* 2 (* (pow x 4) (pow y -3))) -1)	(/ (pow y 3) (* 2 (pow x 4)))
(/ 1 (* 9 (pow m 2)))	(pow (* 3 m) -2)
(/ (pow r 2) (* 2 (pow r 3)))	(/ 1 (* 2 r))
(/ (pow x -1) (* 4 (pow x 4)))	(/ 1 (* 4 (pow x 5)))
(/ (* 3 (pow n 4)) (* 3 (pow n 3)))	n
(/ (pow m 4) (* 2 (pow m 4)))	0.5
(/ (* 3 (pow m -4)) (pow m 3))	(/ 3 (pow m 7))
(/ (* 2 (* (pow x 4) (* (pow y -4) (pow z -3)))) (* 3 (* (pow x 2) (* (pow y -3) (pow z 4)))))	(/ (* 2 (pow x 2)) (* 3 (* y (pow z 7))))
(/ (* 4 (* (pow x 0) (* (pow y -2) (pow z 3)))) (* 4 x))	(/ (pow z 3) (* x (pow y 2)))
(/ (* 2 (* (pow h 3) (* (pow j -3) (pow k 4)))) (* 3 (* j k)))	(/ (* 2 (* (pow h 3) (pow k 3))) (* 3 (pow j 4)))
(/ (* 4 (* (pow m 4) (* (pow n 3) (pow p 3)))) (* 3 (* (pow m 2) (* (pow n 2) (pow p 4)))))	(/ (* 4 (* n (pow m 2))) (* 3 p))
(/ (* 3 (* (pow x 3) (* (pow y -1) (pow z -1)))) (* (pow x -4) (* (pow y 0) (pow z 0))))	(/ (* 3 (pow x 7)) (* y z))
(* 5 (sqrt (* 5 n)))	(sqrt (* 125 n))
(* 6 (sqrt (* 6 v)))	(sqrt (* 216 v))
(* 16 (* m (sqrt (* 2 m))))	(sqrt (* 512 (pow m 3)))
(* 6 (* (pow k 2) (sqrt 6)))	(sqrt (* 216 (pow k 4)))
(sqrt (* 100 (pow v 3)))	(* 10 (pow v 1.5))
(* 4 (* p (sqrt (* 5 p))))	(sqrt (* 80 (pow p 3)))
(sqrt (* 45 (pow p 2)))	(* p (sqrt 45))
(* 7 (* (* m n) (sqrt (* 3 (* m n)))))	(sqrt (* 147 (* (pow m 3) (pow n 3))))
(* 10 (* (pow m 2) (sqrt (* 2 n))))	(sqrt (* 200 (* (pow m 4) n)))
(sqrt (* 75 (* (pow x 2) y)))	(* x (sqrt (* 75 y)))
(sqrt (* 64 (* (pow m 3) (pow n 3))))	(* 8 (pow (* m n) 1.5))
(sqrt (* 16 (* (pow u 4) (pow v 3))))	(* 4 (* (pow u 2) (pow v 1.5)))
(* 2 (* (* x y) (sqrt (* 7 (* x y)))))	(sqrt (* 28 (* (pow x 3) (pow y 3))))
(sqrt (* 36 (* (pow x 2) (pow y 3))))	(* 6 (* x (* y (sqrt y))))
(* 8 (* (pow x 2) (* y (sqrt (* 6 y)))))	(sqrt (* 384 (* (pow x 4) (pow y 3))))
(* 6 (sqrt (* 72 (pow x 2))))	(* 36 (* x (sqrt 2)))
(* 5 (sqrt (* 80 (pow a 2))))	(* 20 (* a (sqrt 5)))
(* 2 (sqrt (* 8 (* (pow p 2) (* (pow q 3) r)))))	(* 4 (* (* p q) (sqrt (* 2 (* q r)))))
(* 4 (sqrt (* 216 (* (pow x 2) (* (pow y 2) z)))))	(* 24 (* (* x y) (sqrt (* 6 z))))
(* 3 (sqrt (* 24 (* (pow a 4) (* (pow b 2) (pow c 3))))))	(* 6 (* (pow a 2) (* (* b c) (sqrt (* 6 c)))))
(* 3 (sqrt (* 16 (* (pow x 4) (* (pow y 4) z)))))	(* 12 (* (pow x 2) (* (pow y 2) (sqrt z))))
(* 2 (sqrt (* 48 (* (pow a 3) (* (pow b 4) (pow c 2))))))	(* 8 (* a (* (pow b 2) (* c (sqrt (* 3 a))))))
(* 6 (sqrt (* 75 (* m (* (pow p 2) (pow q 3))))))	(* 30 (* (* p q) (sqrt (* 3 (* m q)))))
(* 4 (sqrt (* 36 (* (pow x 2) (* (pow y 3) (pow z 4))))))	(* 24 (* x (* (pow z 2) (* y (sqrt y)))))
(pow 7 0.5)	(sqrt 7)
(pow (pow 4 (/ 1 3)) 4)	(pow 4 (/ 4 3))
(pow (sqrt 10) 3)	(pow 10 1.5)
(pow (pow 2 0.25) 5)	(pow 2 1.25)
(/ 1 (pow (* 5 x) 1.25))	(pow (* 5 x) -1.25)
(/ 1 (sqrt (* 5 x)))	(pow (* 5 x) -0.5)
(pow (sqrt (* 10 n)) 3)	(pow (* 10 n) 1.5)
(pow (pow a 6) 0.2)	(pow a 1.2)
(* (* 6 v) (sqrt (* 6 v)))	(pow (* 6 v) 1.5)
(/ 1 (sqrt m))	(pow m -0.5)
(pow (pow m 0.25) 3)	(pow m 0.75)
(pow (pow (* 6 x) (/ 1 3)) 4)	(pow (* 6 x) (/ 4 3))
(pow (sqrt v) 0.5)	(pow v 0.25)
(pow (sqrt p) (/ 1 3))	(pow p (/ 1 6))
(pow (pow (* 3 a) (/ 1 3)) 4)	(pow (* 3 a) (/ 4 3))
(/ 1 (pow (sqrt (* 3 k)) 5))	(pow (* 3 k) -2.5)
(pow 9 0.5)	3
(pow 343 (/ -4 3))	(/ 1 2401)
(pow 1000000 (/ 1 6))	10
(pow 36 1.5)	216
(pow (pow x 6) 0.5)	(pow x 3)
(pow (* 9 (pow n 4)) 0.5)	(* 3 (pow n 2))
(pow (* 64 (pow n 12)) (/ -1 6))	(/ 1 (* 2 (pow n 2)))
(pow (* 81 (pow m 6)) 0.5)	(* 9 (pow m 3))
(pow (pow n 4) 1.5)	(pow n 6)
(pow (* 27 (pow p 6)) (/ 5 3))	(* 243 (pow p 10))
(pow (* 64 (pow m 4)) 1.5)	(* 512 (pow m 6))
(pow (pow a 8) 1.5)	(pow a 12)
(pow (* 81 (pow x 12)) 1.25)	(* 243 (pow x 15))
(pow (* 216 (pow r 9)) (/ 1 3))	(* 6 (pow r 3))
(* (* 2 (pow m 2)) (* (* 4 (pow m 1.5)) (* 4 (pow m -2))))	(* 32 (pow m 1.5))
(* (* 3 (pow b 0.5)) (pow b (/ 4 3)))	(* 3 (pow b (/ 11 6)))
(pow (pow p 1.5) -2)	(pow p -3)
(pow (pow a 0.5) 1.5)	(pow a 0.75)
(/ (* 2 (pow x (/ -7 4))) (* 4 (pow x (/ 4 3))))	(/ 1 (* 2 (pow x (/ 37 12))))
(/ (* 4 (pow x 2)) (* 2 (pow x 0.5)))	(* 2 (pow x 1.5))
(pow (* m (* (pow m -2) (pow n (/ 5 3)))) 2)	(/ (pow n (/ 10 3)) (pow m 2))
(pow (* (* (pow a -1) (pow b (/ 1 3))) (* (pow a (/ -4 3)) (pow b 2))) 2)	(pow (/ b a) (/ 14 3))
(* (pow x 2) (pow x 3))	(pow x 5)
(/ (pow 2 4) (pow 2 2))	4
(/ (pow x 4) (pow x 2))	(pow x 2)
(/ (pow x 2) (pow x 2))	1
(pow (pow x 3) 4)	(pow x 12)
(* (pow x 3) (pow y 3))	(pow (* x y) 3)
(/ (pow x 3) (pow y 3))	(pow (/ x y) 3)
(pow 4 1.5)	8
(pow 8 2)	64
(* (pow y 5) (pow y 6))	(pow y 11)
(* (pow 2 x) (pow 2 (* 3 x)))	(pow 2 (* 4 x))
(/ (pow x 9) (pow x 7))	(pow x 2)
(/ (pow b 8) (pow b 12))	(/ 1 (pow b 4))
(/ 1 (pow x 5))	(pow x -5)
(/ 1 (pow y -4))	(pow y 4)
(pow (pow y 5) 9)	(pow y 45)
(* (pow (pow y 3) 6) (pow (pow y 5) 4))	(pow y 38)
(/ 1 (pow (* 6 (pow k 3)) 2))	(/ 1 (* 36 (pow k 6)))
(pow n 0)	1
(pow (* (pow x -2) (pow x -3)) 4)	(/ 1 (pow x 20))
(* (pow (pow x 4) -3) (* 2 (pow x 4)))	(/ 2 (pow x 8))
(* (pow (pow n 3) 3) (* 2 (pow n -1)))	(* 2 (pow n 8))
(* (pow (* 2 v) 2) (* 2 (pow v 2)))	(* 8 (pow v 4))
(/ (* (* 2 (pow y 3)) (* 3 (* x (pow y 3)))) (* 3 (* (pow x 2) (pow y 4))))	(/ (* 2 (pow y 2)) x)
(/ (* (* (pow x 3) (pow y 3)) (pow x 3)) (* 4 (pow x 2)))	(/ (* (pow x 4) (pow y 3)) 4)
(/ x (pow (* 2 (pow x 0)) 2))	(/ x 4)
(/ (* 2 (pow m -4)) (pow (* 2 (pow m -4)) 3))	(/ (pow m 8) 4)
(/ (pow (* 2 (pow m 2)) -1) (pow m 2))	(/ 1 (* 2 (pow m 4)))
(/ (* 2 (pow x 3)) (pow (pow x -1) 3))	(* 2 (pow x 6))
(pow (* (pow a -3) (pow b -3)) 0)	1
(* (* (pow x 4) (pow y 3)) (pow (* 2 (pow y 2)) 0))	(* (pow x 4) (pow y 3))
(* (* b (pow a 4)) (pow (* 2 (* b (pow a 4))) -3))	(/ 1 (* 8 (* (pow a 8) (pow b 2))))
(/ (* (* 2 (pow k 3)) (pow k 2)) (pow k -3))	(* 2 (pow k 8))
(/ (* (pow (pow x -3) 4) (pow x 4)) (* 2 (pow x -3)))	(/ 1 (* 2 (pow x 5)))
(* (/ (pow (* 2 x) -4) (pow x -1)) x)	(/ 1 (* 16 (pow x 2)))
(/ (pow (* 2 (* (pow x 3) (pow z 2))) 3) (* (* (pow x 3) (* (pow y 4) (pow z 2))) (* (pow x -4) (pow z 3))))	(/ (* 8 (* (pow x 10) z)) (pow y 4))
(pow (/ 1 2) -5)	32
(pow (/ 1 (pow 2 3)) 2)	(/ 1 64)
(/ (* (pow 2 -1) (pow 4 -1)) (pow 2 -2))	0.5
(+ (+ (pow (/ 1 2) -2) (pow (/ 1 3) -2)) (pow (/ 1 4) -2))	29
(/ (* 25 (pow t -4)) (* (pow 5 -3) (* 10 (pow t -8))))	(* 312.5 (pow t 4))
(/ (pow a (* 3 x)) (pow a x))	(pow a (* 2 x))
(* (pow 2 x) (pow 3 x))	(pow 6 x)
(* (pow a n) (pow b n))	(pow (* a b) n)
(/ (pow a n) (pow b n))	(pow (/ a b) n)
(pow (sqrt (* a b)) 2)	(* a b)
(pow 2 (* 2 x))	(pow 4 x)
(pow 2 (* 3 x))	(pow 8 x)
(* (pow x 2) (* x (pow x 3)))	(pow x 6)
(/ (* (pow x 5) (pow y 2)) (* (pow x 2) y))	(* (pow x 3) y)
(* 8 (* (pow x 3) (pow y 3)))	(pow (* 2 (* x y)) 3)
(sqrt (/ (pow x 4) (pow y 2)))	(/ (pow x 2) y)
(pow (/ 1 (pow x 2)) 3)	(pow x -6)
(/ (pow x 0.5) (pow x 2))	(pow x -1.5)
(* (pow x (/ 1 3)) (pow x (/ 1 6)))	(sqrt x)
(* (sqrt x) (pow x (/ 1 6)))	(pow x (/ 2 3))
(pow (pow x 6) (/ 1 3))	(pow x 2)
(sqrt (sqrt (pow x 4)))	x
(pow (* 27 (pow x 3)) (/ 1 3))	(* 3 x)
(sqrt (* (pow a 2) (pow b 2)))	(* a b)
(/ 1 (pow (sqrt x) 4))	(pow x -2)
(sqrt (* x (sqrt x)))	(pow x 0.75)
(sqrt (sqrt (pow x 3)))	(pow x 0.75)
(pow (sqrt x) 3)	(pow x 1.5)
(* x (sqrt x))	(pow x 1.5)
(sqrt (pow x 5))	(pow x 2.5)
(/ x (sqrt x))	(sqrt x)
(sqrt (* 9 (pow x 2)))	(* 3 x)
(sqrt (pow (* x y) 2))	(* x y)
(sqrt (* (pow x 6) (pow y 2)))	(* (pow x 3) y)
(sqrt (/ (pow x 2) y))	(/ x (sqrt y))
(pow (/ 1 x) -2)	(pow x 2)
(pow (/ x y) -1)	(/ y x)
(* (pow x -1) (pow y -1))	(/ 1 (* x y))
(sqrt (* (pow x 2) y))	(* x (sqrt y))
(+ (log 10 6) (log 10 3))	(log 10 18)
(+ (log 10 (* 4 x)) (log 10 x))	(log 10 (* 4 (pow x 2)))
(+ (+ (log 10 a) (log 10 (pow b 2))) (log 10 (pow c 3)))	(log 10 (* (* a (pow b 2)) (pow c 3)))
(- (log 10 6) (log 10 3))	(log 10 2)
(- (log 10 (* 4 x)) (log 10 x))	(log 10 4)
(* 3 (log 10 5))	(log 10 125)
(* 5 (ln (pow x 4)))	(* 20 (ln x))
(* 3 (ln 10))	(ln 1000)
(- (* 3 (log 10 x)) (log 10 (pow x 2)))	(log 10 x)
(log 10 (pow x (/ 1 3)))	(/ (log 10 x) 3)
(+ (* 6 (log 10 u)) (* 6 (log 10 v)))	(log 10 (pow (* u v) 6))
(+ (log 10 a) (* 5 (log 10 b)))	(log 10 (* a (pow b 5)))
(- (log 10 6) (log 10 5))	(log 10 (/ 6 5))
(+ (log 10 12) (log 10 5))	(log 10 60)
(- (log 10 12) (log 10 11))	(log 10 (/ 12 11))
(- (* 6 (log 10 u)) (* 6 (log 10 v)))	(log 10 (pow (/ u v) 6))
(+ (* 4 (log 10 x)) (* 4 (log 10 y)))	(log 10 (pow (* x y) 4))
(+ (log b 8) (log b k))	(log b (* 8 k))
(+ (* 4 (log 10 x)) (* 7 (log 10 y)))	(log 10 (* (pow x 4) (pow y 7)))
(+ (+ (* 15 (log 10 x)) (* 13 (log 10 y))) (* 19 (log 10 z)))	(log 10 (* (* (pow x 15) (pow y 13)) (pow z 19)))
(+ (+ (* -2 (ln a)) (* -4 (ln b))) (* 5 (ln c)))	(ln (/ (pow c 5) (* (pow a 2) (pow b 4))))
(- (* 3 (log 10 x)) (* 4 (log 10 y)))	(log 10 (/ (pow x 3) (pow y 4)))
(+ (ln y) (* 0.5 (- (ln y) (ln (- 1 y)))))	(ln (* y (sqrt (/ y (- 1 y)))))
(log 10 (/ (* (pow x 2) (pow y 3)) (pow (* (pow x 2) (pow y 5)) (/ 1 3))))	(* (/ 4 3) (log 10 (* x y)))
(- (+ (log 2 (pow x 2)) (* 0.5 (log 2 (- x 1)))) (* 3 (log 2 (pow (+ x 3) 2))))	(log 2 (/ (* (pow x 2) (sqrt (- x 1))) (pow (+ x 3) 6)))
(+ (- (+ (log 10 5) (* 0.5 (log 10 x))) (log 10 (- (* 7 x) 1))) (* 3 (log 10 (- x 1))))	(log 10 (/ (* (* 5 (sqrt x)) (pow (- x 1) 3)) (- (* 7 x) 1)))
(* 4 (- (+ (* 3 (log 10 x)) (log 10 (+ x 5))) (log 10 (+ (* 2 x) 3))))	(log 10 (/ (* (pow x 12) (pow (+ x 5) 4)) (pow (+ (* 2 x) 3) 4)))
(+ (+ (ln 7) (ln x)) (ln y))	(ln (* (* 7 x) y))
(+ (+ (+ (log 3 2) (log 3 a)) (log 3 11)) (log 3 b))	(log 3 (* (* 22 a) b))
(- (log b 28) (log b 7))	(log b 4)
(- (- (ln a) (ln d)) (ln c))	(ln (/ a (* d c)))
(* -1 (log b (/ 1 7)))	(log b 7)
(/ (ln 8) 3)	(ln 2)
(+ (log 10 (* 2 (pow x 4))) (log 10 (* 3 (pow x 5))))	(log 10 (* 6 (pow x 9)))
(- (ln (* 6 (pow x 9))) (ln (* 3 (pow x 2))))	(ln (* 2 (pow x 7)))
(+ (* 2 (log 10 x)) (* 3 (log 10 (+ x 1))))	(log 10 (* (pow x 2) (pow (+ x 1) 3)))
(+ (- (log 10 x) (* 0.5 (log 10 y))) (* 3 (log 10 z)))	(log 10 (/ (* x (pow z 3)) (sqrt y)))
(+ (+ (* 4 (log 7 c)) (/ (log 7 a) 3)) (/ (log 7 b) 3))	(log 7 (* (pow c 4) (pow (* a b) (/ 1 3))))
(- (+ (+ (log 6 64) (* 3 (log 6 x))) (log 6 (+ (* 4 x) 1))) (log 6 (- (* 2 x) 1)))	(log 6 (/ (* (* 64 (pow x 3)) (+ (* 4 x) 1)) (- (* 2 x) 1)))
(- (+ (ln (- x 1)) (* 2 (ln (+ (* 2 x) 1)))) (ln (- (pow x 2) 9)))	(ln (/ (* (- x 1) (pow (+ (* 2 x) 1) 2)) (- (pow x 2) 9)))
(- (+ (+ (log 2 15) (log 2 x)) (log 2 (- x 1))) (+ (log 2 (+ (* 3 x) 4)) (log 2 (- 2 x))))	(log 2 (/ (* (* 15 x) (- x 1)) (* (+ (* 3 x) 4) (- 2 x))))
(+ (log 5 8) (log 5 y))	(log 5 (* 8 y))
(+ (log 4 6) (log 4 x))	(log 4 (* 6 x))
(+ (+ (log 3 81) (log 3 x)) (log 3 y))	(log 3 (* (* 81 x) y))
(+ (+ (log 2 32) (log 2 x)) (log 2 y))	(log 2 (* (* 32 x) y))
(ln (/ (pow e 4) 16))	(- 4 (ln 16))
(ln (/ (pow e 3) 3))	(- 3 (ln 3))
(log 5 (pow x (/ 1 3)))	(/ (log 5 x) 3)
(/ (log 4 x) 2)	(log 4 (sqrt x))
(+ (+ (log 2 3) (* 5 (log 2 x))) (* 3 (log 2 y)))	(log 2 (* (* 3 (pow x 5)) (pow y 3)))
(+ (+ (log 5 4) (* 6 (log 5 x))) (* 4 (log 5 y)))	(log 5 (* (* 4 (pow x 6)) (pow y 4)))
(+ (/ (log 3 2) 2) (* 2 (log 3 x)))	(log 3 (* (sqrt 2) (pow x 2)))
(+ (/ (log 5 21) 4) (* 3 (log 5 y)))	(log 5 (* (pow 21 0.25) (pow y 3)))
(+ (log 6 36) (* 4 (log 6 (+ x y))))	(log 6 (* 36 (pow (+ x y) 4)))
(ln (* (pow e 4) (pow (- x y) 3)))	(+ 4 (* 3 (ln (- x y))))
(+ (log 7 2) (/ (+ (log 7 x) (log 7 y)) 2))	(log 7 (* 2 (sqrt (* x y))))
(+ (+ (ln 2) (ln x)) (* 0.5 (ln y)))	(ln (* (* 2 x) (sqrt y)))
(* 0.5 (- (* 3 (log 10 x)) (* 4 (log 10 y))))	(log 10 (sqrt (/ (pow x 3) (pow y 4))))
(log 5 (pow (* (* 125 x) (pow y 3)) (/ 1 3)))	(+ (+ 1 (/ (log 5 x) 3)) (log 5 y))
(ln (* a (pow b (/ 1 3))))	(+ (ln a) (/ (ln b) 3))
(- (+ (+ (+ (log 5 4) (log 5 a)) (* 3 (log 5 b))) (* 4 (log 5 c))) (* 2 (log 5 d)))	(log 5 (/ (* (* (* 4 a) (pow b 3)) (pow c 4)) (pow d 2)))
(- (+ (log 3 x) (* 2 (log 3 y))) (* 2 (log 3 z)))	(log 3 (/ (* x (pow y 2)) (pow z 2)))
(- (log 2 x) (* 2 (log 2 y)))	(log 2 (/ x (pow y 2)))
(- (* 3 (log 3 x)) (+ (log 3 y) (* 2 (log 3 z))))	(log 3 (/ (pow x 3) (* y (pow z 2))))
(- (log 10 x) (+ (* 3 (log 10 y)) (* 2 (log 10 z))))	(log 10 (/ x (* (pow y 3) (pow z 2))))
(* -1 (+ (+ (* 2 (log 5 x)) (log 5 y)) (log 5 z)))	(log 5 (/ 1 (* (* (pow x 2) y) z)))
(- (+ 2 (* 3 (log 10 x))) (* 3 (log 10 (+ y 10))))	(log 10 (/ (* 100 (pow x 3)) (pow (+ y 10) 3)))
(ln (/ 1 (* 4 (exp k))))	(* -1 (+ (ln 4) k))
(ln (/ (* 9 (pow e 5)) (* 4 b)))	(+ (ln 2.25) (- 5 (ln b)))
(- (+ (* 15 (log 10 x)) (* 13 (log 10 y))) (* 19 (log 10 z)))	(log 10 (/ (* (pow x 15) (pow y 13)) (pow z 19)))
(- (- (/ (* 2 (log 3 x)) 3) 3) (* 4 (log 3 y)))	(log 3 (/ (pow x (/ 2 3)) (* 27 (pow y 4))))
(- (- (/ (log 4 x) 2) 2) (* 4 (log 4 y)))	(log 4 (/ (sqrt x) (* 16 (pow y 4))))
(- (/ (log 2 (+ (* 2 x) (pow y 2))) 2) (+ 3 (* 2 (log 2 z))))	(log 2 (/ (sqrt (+ (* 2 x) (pow y 2))) (* 8 (pow z 2))))
(- (/ (log 3 (+ (* 3 x) (* 2 (pow y 2)))) 2) (+ (log 3 5) (* 2 (log 3 z))))	(log 3 (/ (sqrt (+ (* 3 x) (* 2 (pow y 2)))) (* 5 (pow z 2))))
(/ (- (+ (log 5 3) (* 2 (log 5 x))) (+ (log 5 4) (+ (* 3 (log 5 y)) (log 5 z)))) 3)	(log 5 (pow (/ (* 3 (pow x 2)) (* (* 4 (pow y 3)) z)) (/ 1 3)))
(/ (- (+ (log 2 5) (* 3 (log 2 x))) (+ 1 (+ (* 2 (log 2 y)) (* 4 (log 2 z))))) 4)	(log 2 (pow (/ (* 5 (pow x 3)) (* (* 2 (pow y 2)) (pow z 4))) 0.25))
(- (+ (* 2 (log 3 x)) (/ (log 3 y) 3)) (log 3 z))	(log 3 (/ (* (pow x 2) (pow y (/ 1 3))) z))
(- (log 7 x) (* (/ 3 5) (log 7 (+ y z))))	(log 7 (/ x (pow (+ y z) (/ 3 5))))
(- (* 3 (log 5 x)) (/ (+ (log 5 y) (* 2 (log 5 z))) 3))	(log 5 (/ (pow x 3) (pow (* y (pow z 2)) (/ 1 3))))
(- (* 2 (log 10 x)) (/ (+ (* 3 (log 10 y)) (* 2 (log 10 z))) 5))	(log 10 (/ (pow x 2) (pow (* (pow y 3) (pow z 2)) (/ 1 5))))
(ln (/ 6 (sqrt (pow e 3))))	(- (ln 6) 1.5)
(- (/ (+ (log 4 x) (log 4 y)) 3) (log 4 64))	(log 4 (/ (pow (* x y) (/ 1 3)) 64))
(+ (log 6 4) (log 6 9))	2
(+ (log 10 4) (log 10 25))	2
(- (log 2 80) (log 2 5))	4
(- (log 3 36) (log 3 4))	2
(- (log 2 5) (log 2 (- x 1)))	(log 2 (/ 5 (- x 1)))
(+ (log 3 4) (log 3 (+ x 1)))	(log 3 (+ (* 4 x) 4))
(- (- (log 5 2) (log 5 x)) (log 5 y))	(log 5 (/ 2 (* x y)))
(- (+ (log 7 3) (log 7 x)) (log 7 y))	(log 7 (/ (* 3 x) y))
(+ (log 10 (+ x 1)) (log 10 (- x 1)))	(log 10 (- (pow x 2) 1))
(+ (log 2 (+ x 2)) (log 2 (+ x 1)))	(log 2 (* (+ x 2) (+ x 1)))
(- (ln (+ (+ (pow x 2) (* 2 x)) 1)) (ln (+ x 1)))	(ln (+ x 1))
(- (ln (- (pow x 2) 9)) (ln (+ x 3)))	(ln (- x 3))
(- (log 5 (- (pow x 3) 8)) (log 5 (- x 2)))	(log 5 (+ (+ (pow x 2) (* 2 x)) 4))
(- (log 3 (+ (pow x 3) 1)) (log 3 (+ x 1)))	(log 3 (+ (- (pow x 2) x) 1))
(- (+ (log 10 (+ (* 2 x) 1)) (log 10 (- x 3))) (log 10 (- (- (* 2 (pow x 2)) (* 5 x)) 3)))	0
(+ (* 6 (log 3 x)) (* 9 (log 3 y)))	(log 3 (* (pow x 6) (pow y 9)))
(- (* 4 (log 2 x)) (* 6 (log 2 y)))	(log 2 (/ (pow x 4) (pow y 6)))
(+ (/ (log 2 x) 3) (* (/ 2 3) (log 2 y)))	(log 2 (pow (* x (pow y 2)) (/ 1 3)))
(+ (* -2 (log 5 x)) (* (/ 3 5) (log 5 y)))	(log 5 (/ (pow y (/ 3 5)) (pow x 2)))
(+ (log 10 5) (* 3 (log 10 (+ x y))))	(log 10 (* 5 (pow (+ x y) 3)))
(+ (* 4 (log 5 (+ x 5))) (log 5 y))	(log 5 (* (pow (+ x 5) 4) y))
(+ (* 2 (log 10 (+ (* 2 x) 3))) (* 0.5 (log 10 (+ x 1))))	(log 10 (* (pow (+ (* 2 x) 3) 2) (sqrt (+ x 1))))
(- (* (/ 1 3) (log 10 x)) (* 3 (log 10 (+ x 1))))	(log 10 (/ (pow x (/ 1 3)) (pow (+ x 1) 3)))
(- (* (/ 2 3) (log 3 x)) (* 0.5 (+ (log 3 y) (log 3 z))))	(log 3 (/ (pow x (/ 2 3)) (sqrt (* y z))))
(- (log 3 (- (pow x 2) 1)) (* 2 (log 3 (- x 1))))	(log 3 (/ (+ x 1) (- x 1)))
(- (log 10 (+ (+ (pow x 2) (* 2 x)) 1)) (* 2 (log 10 (+ x 1))))	0
(- (* (/ 1 3) (+ (ln x) (* 2 (ln y)))) (+ (* 3 (ln 2)) (ln z)))	(ln (/ (pow (* x (pow y 2)) (/ 1 3)) (* 8 z)))
(- (+ (* 3 (ln x)) (* 4 (ln y))) (* 2 (ln z)))	(ln (/ (* (pow x 3) (pow y 4)) (pow z 2)))
(- (- (* 4 (log 10 x)) (* 2 (log 10 y))) (* 3 (log 10 z)))	(log 10 (/ (pow x 4) (* (pow y 2) (pow z 3))))
(+ (+ (log 2 5) (* 2 (log 2 x))) (log 2 y))	(log 2 (* (* 5 (pow x 2)) y))
(+ (+ (log 3 4) (* 3 (log 3 x))) (* 0.5 (log 3 y)))	(log 3 (* (* 4 (pow x 3)) (sqrt y)))
(+ (- (* 3 (log 2 x)) (* 2 (log 2 y))) (* 0.5 (log 2 z)))	(log 2 (/ (* (pow x 3) (sqrt z)) (pow y 2)))
(- (+ (* 4 (log 10 2)) (* (/ 2 3) (log 10 x))) (* 4 (log 10 (+ y z))))	(log 10 (/ (* 16 (pow x (/ 2 3))) (pow (+ y z) 4)))
(+ (- (ln x) (* 6 (ln y))) (ln z))	(ln (/ (* x z) (pow y 6)))
(+ (- (log 3 x) (* 2 (log 3 y))) (* 5 (log 3 z)))	(log 3 (/ (* x (pow z 5)) (pow y 2)))
(- (- (* 7 (log 10 x)) (log 10 y)) (* 2 (log 10 z)))	(log 10 (/ (pow x 7) (* y (pow z 2))))
(- (- (* 2 (ln x)) (* 3 (ln y))) (ln z))	(ln (/ (pow x 2) (* (pow y 3) z)))
(- (+ 1 (log 2 x)) (* 0.5 (log 2 y)))	(log 2 (/ (* 2 x) (sqrt y)))
(+ (- 2 (* 3 (log 3 x))) (* (/ 1 3) (log 3 y)))	(log 3 (/ (* 9 (pow y (/ 1 3))) (pow x 3)))
(- (+ (* -1 (ln 2)) (* 2 (ln (+ x y)))) (ln z))	(ln (/ (pow (+ x y) 2) (* 2 z)))
(+ (- (* -3 (ln (- x y))) (ln z)) (ln 5))	(ln (/ 5 (* z (pow (- x y) 3))))
(- (+ (- (log 2 3) (* 2 (log 2 x))) (* 0.5 (log 2 y))) (* 4 (log 2 z)))	(log 2 (/ (* 3 (sqrt y)) (* (pow x 2) (pow z 4))))
(+ (- (- (* 2 (log 5 4)) (log 5 x)) (* 3 (log 5 y))) (* (/ 2 3) (log 5 z)))	(log 5 (/ (* 16 (pow z (/ 2 3))) (* x (pow y 3))))
(- (- (* 4 (log 10 x)) (log 10 y)) (log 10 2))	(log 10 (/ (pow x 4) (* 2 y)))
(+ (log 3 9) (* 2 (log 3 x)))	(log 3 (* 9 (pow x 2)))
(+ (log 2 32) (* 7 (log 2 x)))	(log 2 (* 32 (pow x 7)))
(+ (log 10 100) (* 2 (log 10 x)))	(log 10 (* 100 (pow x 2)))
(+ (+ 1 (* 2 (log 10 x))) (* 3 (log 10 y)))	(log 10 (* (* 10 (pow x 2)) (pow y 3)))
(+ (+ 1 (* 4 (log 2 x))) (* 5 (log 2 y)))	(log 2 (* (* 2 (pow x 4)) (pow y 5)))
(+ (+ (log b 14) (log b x)) (log b y))	(log b (* (* 14 x) y))
(+ (+ (ln 15) (ln a)) (+ (ln b) (ln c)))	(ln (* (* (* 15 a) b) c))
(- (- (log 4 x) (log 4 z)) (log 4 w))	(log 4 (/ (/ x z) w))
(- (+ (log 10 2) (* 3 (log 10 (+ x y)))) (* 2 (log 10 z)))	(log 10 (/ (* 2 (pow (+ x y) 3)) (pow z 2)))
(* -1 (+ (+ 2 (* 2 (log 4 x))) (* 3 (log 4 z))))	(log 4 (/ 1 (* (* 16 (pow x 2)) (pow z 3))))
(pow 3 (log 3 6))	6
(log 2 (pow 2 7))	7
(pow 5 (log 5 10))	10
(log 4 (pow 4 10))	10
(pow 8 (log 8 7))	7
(log 6 (pow 6 -2))	-2
(pow 10 (log 10 (sqrt 5)))	(sqrt 5)
(log 10 (pow 10 -2))	-2
(exp (ln 4))	4
(ln (pow e 2))	2
(ln (pow e 7))	7
(- (log 5 125) (log 5 x))	(log 5 (/ 125 x))
(- (log 4 16) (log 4 y))	(log 4 (/ 16 y))
(- (log 10 10000) (log 10 y))	(log 10 (/ 10000 y))
(- (log 10 x) (log 10 10))	(log 10 (/ x 10))
(- (log 3 3) (log 3 8))	(log 3 (/ 3 8))
(+ (log 10 6) (log 10 7))	(log 10 42)
(+ (log 10 5) (log 10 11))	(log 10 55)
(+ (log 10 7) (log 10 8))	(log 10 56)
(- (log 10 2) (log 10 3))	(log 10 (/ 2 3))
