(* (* (sin t) (cos t)) (+ (tan t) (cot t)))	1
(- (pow (sin t) 4) (pow (cos t) 4))	(- (* 2 (pow (sin t) 2)) 1)
(+ (- (pow (sin t) 4) (pow (cos t) 4)) 1)	(* 2 (pow (sin t) 2))
(- (pow (cos t) 4) (pow (sin t) 4))	(- (* 2 (pow (cos t) 2)) 1)
(* (* (sin a) (cos a)) (- (tan a) (cot a)))	(- (* 2 (pow (sin a) 2)) 1)
(+ (pow (+ (cos A) (sin A)) 2) (pow (- (cos A) (sin A)) 2))	2
(+ (pow (+ 1 (tan t)) 2) (pow (- 1 (tan t)) 2))	(* 2 (pow (sec t) 2))
(+ (/ 1 (+ 1 (cos A))) (/ 1 (- 1 (cos A))))	(* 2 (pow (csc A) 2))
(/ (+ 1 (cos t)) (- 1 (cos t)))	(pow (+ (cot t) (csc t)) 2)
(- (/ 1 (- 1 (sin A))) (/ 1 (+ 1 (sin A))))	(* 2 (* (tan A) (sec A)))
(* (+ (+ 1 (sec A)) (tan A)) (+ (- 1 (csc A)) (cot A)))	2
(+ (/ (cos A) (+ 1 (sin A))) (/ (cos A) (- 1 (sin A))))	(* 2 (sec A))
(+ (/ 1 (- 1 (sin A))) (/ 1 (+ 1 (sin A))))	(* 2 (pow (sec A) 2))
(/ (+ 1 (sin t)) (- 1 (sin t)))	(pow (+ (sec t) (tan t)) 2)
(+ (/ (cos t) (+ 1 (sin t))) (/ (+ 1 (sin t)) (cos t)))	(* 2 (sec t))
(+ (/ (sin A) (+ 1 (cos A))) (/ (+ 1 (cos A)) (sin A)))	(* 2 (csc A))
(* (* (+ 1 (cos t)) (- 1 (cos t))) (+ 1 (pow (cot t) 2)))	1
(* (* (+ 1 (pow (tan A) 2)) (sin A)) (cos A))	(tan A)
(/ (csc A) (+ (tan A) (cot A)))	(cos A)
(+ (+ (pow (tan t) 2) (pow (cot t) 2)) 2)	(* (pow (sec t) 2) (pow (csc t) 2))
(+ (- (pow (csc t) 4) (* 2 (pow (csc t) 2))) (- (* 2 (pow (sec t) 2)) (pow (sec t) 4)))	(- (pow (cot t) 4) (pow (tan t) 4))
(/ (- (sin A) (* 2 (pow (sin A) 3))) (- (* 2 (pow (cos A) 3)) (cos A)))	(tan A)
(+ (/ (cos t) (+ (csc t) 1)) (/ (cos t) (- (csc t) 1)))	(* 2 (tan t))
(+ (/ (cos t) (- 1 (tan t))) (/ (sin t) (- 1 (cot t))))	(+ (sin t) (cos t))
(+ (/ (tan t) (+ (sec t) 1)) (/ (tan t) (- (sec t) 1)))	(* 2 (csc t))
(* (- (+ (sec t) (tan t)) 1) (+ (- (sec t) (tan t)) 1))	(* 2 (tan t))
(/ (+ (tan A) (cot B)) (+ (cot A) (tan B)))	(/ (tan A) (tan B))
(/ (- (+ (tan A) (sec A)) 1) (+ (- (tan A) (sec A)) 1))	(/ (+ 1 (sin A)) (cos A))
(- (/ (+ 1 (sin a)) (- (csc a) (cot a))) (/ (- 1 (sin a)) (+ (csc a) (cot a))))	(* 2 (+ 1 (cot a)))
(+ (/ 1 (- (+ (cos t) (sin t)) 1)) (/ 1 (+ (+ (cos t) (sin t)) 1)))	(+ (sec t) (csc t))
(+ (/ (tan A) (- 1 (cot A))) (/ (cot A) (- 1 (tan A))))	(+ 1 (* (sec A) (csc A)))
(- (pow (- (sec x) 1) 2) (pow (- (tan x) (sin x)) 2))	(pow (- 1 (cos x)) 2)
(/ (* (sin x) (sec x)) (tan x))	1
(* (- 1 (pow (cos x) 2)) (+ 1 (pow (cot x) 2)))	1
(- (/ (cos x) (- 1 (sin x))) (tan x))	(sec x)
(* (tan x) (cos x))	(sin x)
(* (csc x) (tan x))	(sec x)
(* (sec x) (cot x))	(csc x)
(+ (pow (sin x) 2) (pow (cos x) 2))	1
(- (pow (sec x) 2) 1)	(pow (tan x) 2)
(- (pow (csc x) 2) 1)	(pow (cot x) 2)
(* (- 1 (sin x)) (+ 1 (sin x)))	(pow (cos x) 2)
(* (- 1 (cos x)) (+ 1 (cos x)))	(pow (sin x) 2)
(* (- (sec x) 1) (+ (sec x) 1))	(pow (tan x) 2)
(* (- (csc x) 1) (+ (csc x) 1))	(pow (cot x) 2)
(* (sin x) (cot x))	(cos x)
(* (cos x) (csc x))	(cot x)
(* (sin x) (csc x))	1
(* (tan x) (cot x))	1
(* (cos x) (sec x))	1
(/ (tan x) (sin x))	(sec x)
(/ (cot x) (cos x))	(csc x)
(/ (sin x) (tan x))	(cos x)
(/ (cos x) (cot x))	(sin x)
(/ (sec x) (csc x))	(tan x)
(/ (csc x) (sec x))	(cot x)
(* (pow (sin x) 2) (+ 1 (pow (cot x) 2)))	1
(* (pow (cos x) 2) (+ 1 (pow (tan x) 2)))	1
(* (pow (tan x) 2) (+ 1 (pow (cot x) 2)))	(pow (sec x) 2)
(* (pow (cot x) 2) (- (pow (sec x) 2) 1))	1
(- (sec x) (* (sec x) (pow (sin x) 2)))	(cos x)
(- (csc x) (* (csc x) (pow (cos x) 2)))	(sin x)
(* 2 (* (sin x) (cos x)))	(sin (* 2 x))
(- (pow (cos x) 2) (pow (sin x) 2))	(cos (* 2 x))
(- 1 (* 2 (pow (sin x) 2)))	(cos (* 2 x))
(- (* 2 (pow (cos x) 2)) 1)	(cos (* 2 x))
(pow (+ (sin x) (cos x)) 2)	(+ 1 (sin (* 2 x)))
(/ (* 2 (tan x)) (- 1 (pow (tan x) 2)))	(tan (* 2 x))
(/ (sin (* 2 x)) (sin x))	(* 2 (cos x))
(/ (sin (* 2 x)) (cos x))	(* 2 (sin x))
(+ (/ (+ 1 (cos x)) (sin x)) (/ (sin x) (+ 1 (cos x))))	(* 2 (csc x))
(/ (sec x) (tan x))	(csc x)
(+ (/ (sin x) (cos x)) (/ (cos x) (sin x)))	(* (sec x) (csc x))
(- (/ 1 (cos x)) (cos x))	(* (sin x) (tan x))
(- (/ 1 (sin x)) (sin x))	(* (cos x) (cot x))
(* (+ (sec x) (tan x)) (- (sec x) (tan x)))	1
(* (+ (csc x) (cot x)) (- (csc x) (cot x)))	1
(/ 1 (- (sec x) (tan x)))	(+ (sec x) (tan x))
(/ 1 (- (csc x) (cot x)))	(+ (csc x) (cot x))
(/ (sin x) (- 1 (cos x)))	(+ (csc x) (cot x))
(/ (cos x) (+ 1 (sin x)))	(- (sec x) (tan x))
(/ (- 1 (cos x)) (sin x))	(- (csc x) (cot x))
(/ (pow (tan x) 2) (pow (sec x) 2))	(pow (sin x) 2)
(/ (pow (cot x) 2) (pow (csc x) 2))	(pow (cos x) 2)
(- 1 (pow (sin t) 2))	(pow (cos t) 2)
(- 1 (pow (cos t) 2))	(pow (sin t) 2)
(+ 1 (pow (tan t) 2))	(pow (sec t) 2)
(+ 1 (pow (cot t) 2))	(pow (csc t) 2)
(/ (- (csc x) (sin x)) (csc x))	(pow (cos x) 2)
(/ (- (sec x) (cos x)) (sec x))	(pow (sin x) 2)
(* (tan x) (* (cot x) (sec x)))	(sec x)
(/ (- 1 (pow (sin x) 2)) (cos x))	(cos x)
(cos (* -1 x))	(cos x)
(sec (* -1 x))	(sec x)
(/ (- 1 (pow (sin x) 2)) (pow (cos x) 2))	1
(* (csc x) (* (tan x) (cos x)))	1
(/ (+ (tan x) (cot x)) (csc x))	(sec x)
(+ (* (sin a) (cos b)) (* (cos a) (sin b)))	(sin (+ a b))
(- (* (cos a) (cos b)) (* (sin a) (sin b)))	(cos (+ a b))
(+ (* (cos a) (cos b)) (* (sin a) (sin b)))	(cos (- a b))
(- (* (sin a) (cos b)) (* (cos a) (sin b)))	(sin (- a b))
(/ (+ (tan x) (cot x)) (sec x))	(csc x)
(* (+ 1 (cos x)) (- (csc x) (cot x)))	(sin x)
(/ (- 1 (cos (* 2 x))) 2)	(pow (sin x) 2)
(/ (+ 1 (cos (* 2 x))) 2)	(pow (cos x) 2)
(/ (sin (* 2 x)) (* 2 (sin x)))	(cos x)
(/ (cos (* 2 x)) (+ (cos x) (sin x)))	(- (cos x) (sin x))
(/ (pow (sin x) 2) (- 1 (cos x)))	(+ 1 (cos x))
(/ (pow (cos x) 2) (- 1 (sin x)))	(+ 1 (sin x))
(/ (- 1 (pow (cos x) 2)) (sin x))	(sin x)
(* (sec x) (sin x))	(tan x)
(* (csc x) (cos x))	(cot x)
(* (tan x) (* (csc x) (cos x)))	1
(* (+ (tan x) (cot x)) (* (sin x) (cos x)))	1
(+ (* (tan x) (sin x)) (cos x))	(sec x)
(+ (* (cot x) (cos x)) (sin x))	(csc x)
(* (- (sec x) (tan x)) (+ 1 (sin x)))	(cos x)
(* (+ (csc x) (cot x)) (- 1 (cos x)))	(sin x)
(/ (sec x) (+ (tan x) (cot x)))	(sin x)
(/ (+ 1 (pow (tan x) 2)) (pow (csc x) 2))	(pow (tan x) 2)
(* (cot x) (* (sec x) (sin x)))	1
(* (- (cos x) (sin x)) (+ (cos x) (sin x)))	(cos (* 2 x))
(+ (/ 1 (+ 1 (sin x))) (/ 1 (- 1 (sin x))))	(* 2 (pow (sec x) 2))
(+ (/ 1 (+ (sec x) (tan x))) (/ 1 (- (sec x) (tan x))))	(* 2 (sec x))
(+ (/ (sin x) (csc x)) (/ (cos x) (sec x)))	1
(- (/ (csc x) (sin x)) (/ (cot x) (tan x)))	1
(- (pow (sec x) 4) (pow (tan x) 4))	(+ 1 (* 2 (pow (tan x) 2)))
(* (- 1 (pow (sin x) 2)) (+ 1 (pow (tan x) 2)))	1
(* (cos x) (+ (tan x) (cot x)))	(csc x)
(* (sin x) (+ (tan x) (cot x)))	(sec x)
(/ (tan x) (sec x))	(sin x)
(/ (cot x) (csc x))	(cos x)
(- (* (sec x) (csc x)) (cot x))	(tan x)
(/ (pow (sec x) 2) (tan x))	(+ (tan x) (cot x))
(/ (pow (csc x) 2) (cot x))	(+ (tan x) (cot x))
(/ (+ (sin x) (cos x)) (sin x))	(+ 1 (cot x))
(/ (+ (sin x) (cos x)) (cos x))	(+ 1 (tan x))
(/ (+ 1 (tan x)) (+ 1 (cot x)))	(tan x)
(/ (+ (tan a) (tan b)) (- 1 (* (tan a) (tan b))))	(tan (+ a b))
(+ (sin (+ a b)) (sin (- a b)))	(* 2 (* (sin a) (cos b)))
(+ (cos (+ a b)) (cos (- a b)))	(* 2 (* (cos a) (cos b)))
(- (cos (- a b)) (cos (+ a b)))	(* 2 (* (sin a) (sin b)))
(- (sin (+ a b)) (sin (- a b)))	(* 2 (* (cos a) (sin b)))
(* (pow (csc x) 2) (- 1 (pow (cos x) 2)))	1
(/ (* (+ (sec x) 1) (- (sec x) 1)) (pow (tan x) 2))	1
(* (sin A) (* (cot A) (sec A)))	1
(- (pow (sec t) 2) (pow (tan t) 2))	1
(- (pow (csc t) 2) (pow (cot t) 2))	1
(/ (- (pow (sec x) 2) 1) (pow (sec x) 2))	(pow (sin x) 2)
(+ (* (cos x) (cos x)) (* (sin x) (sin x)))	1
(/ (sin (* 2 t)) (* 2 (cos t)))	(sin t)
(* (+ (* (sin a) (cos b)) (* (cos a) (sin b))) (- (* (sin a) (cos b)) (* (cos a) (sin b))))	(- (pow (sin a) 2) (pow (sin b) 2))
(* (- (* (cos a) (cos b)) (* (sin a) (sin b))) (+ (* (cos a) (cos b)) (* (sin a) (sin b))))	(- (pow (cos a) 2) (pow (sin b) 2))
(/ (sin (+ x y)) (* (cos x) (cos y)))	(+ (tan x) (tan y))
(/ (sin (- x y)) (* (cos x) (cos y)))	(- (tan x) (tan y))
(/ (sin (+ x y)) (* (sin x) (sin y)))	(+ (cot x) (cot y))
(/ (cos (- x y)) (* (cos x) (cos y)))	(+ 1 (* (tan x) (tan y)))
(/ (cos (+ x y)) (* (cos x) (cos y)))	(- 1 (* (tan x) (tan y)))
(/ (sin (- x y)) (* (sin x) (sin y)))	(- (cot y) (cot x))
(/ (cos (- x y)) (* (sin x) (sin y)))	(+ (* (cot x) (cot y)) 1)
(/ (cos (+ x y)) (* (sin x) (sin y)))	(- (* (cot x) (cot y)) 1)
(/ (- (tan a) (tan b)) (+ 1 (* (tan a) (tan b))))	(tan (- a b))
(/ (+ 1 (tan x)) (- 1 (tan x)))	(tan (+ x (/ pi 4)))
(/ (- 1 (tan x)) (+ 1 (tan x)))	(tan (- (/ pi 4) x))
(* (tan (+ (/ pi 4) x)) (tan (- (/ pi 4) x)))	1
(sin (- (/ pi 2) x))	(cos x)
(cos (- (/ pi 2) x))	(sin x)
(tan (- (/ pi 2) x))	(cot x)
(cot (- (/ pi 2) x))	(tan x)
(sec (- (/ pi 2) x))	(csc x)
(csc (- (/ pi 2) x))	(sec x)
(sin (+ (/ pi 2) x))	(cos x)
(cos (+ (/ pi 2) x))	(* -1 (sin x))
(tan (+ (/ pi 2) x))	(* -1 (cot x))
(cot (+ (/ pi 2) x))	(* -1 (tan x))
(sec (+ (/ pi 2) x))	(* -1 (csc x))
(csc (+ (/ pi 2) x))	(sec x)
(sin (- pi x))	(sin x)
(+ (cos (- pi x)) (cos x))	0
(+ (tan (- pi x)) (tan x))	0
(csc (- pi x))	(csc x)
(+ (sin (+ pi x)) (sin x))	0
(+ (cos (+ pi x)) (cos x))	0
(tan (+ pi x))	(tan x)
(cot (+ pi x))	(cot x)
(+ (sec (+ pi x)) (sec x))	0
(sin (- (* 2 pi) x))	(* -1 (sin x))
(cos (- (* 2 pi) x))	(cos x)
(tan (- (* 2 pi) x))	(* -1 (tan x))
(cot (- (* 2 pi) x))	(* -1 (cot x))
(sec (- (* 2 pi) x))	(sec x)
(csc (- (* 2 pi) x))	(* -1 (csc x))
(sin (+ x (* 2 pi)))	(sin x)
(cos (- x (* 2 pi)))	(cos x)
(tan (- x pi))	(tan x)
(sin (- (/ (* 3 pi) 2) x))	(* -1 (cos x))
(cos (- (/ (* 3 pi) 2) x))	(* -1 (sin x))
(sin (+ (/ (* 3 pi) 2) x))	(* -1 (cos x))
(cos (+ (/ (* 3 pi) 2) x))	(sin x)
(tan (- (/ (* 3 pi) 2) x))	(cot x)
(cot (+ (/ (* 3 pi) 2) x))	(* -1 (tan x))
(+ (sin (+ x (/ pi 3))) (sin (- x (/ pi 3))))	(sin x)
(+ (cos (+ x (/ pi 3))) (cos (- x (/ pi 3))))	(cos x)
(- (sin (+ x (/ pi 6))) (sin (- x (/ pi 6))))	(cos x)
(- (cos (- x (/ pi 6))) (cos (+ x (/ pi 6))))	(sin x)
(+ (sin (+ (/ pi 6) x)) (sin (- (/ pi 6) x)))	(cos x)
(+ (cos (+ (/ pi 3) x)) (cos (- (/ pi 3) x)))	(cos x)
(- (sin (+ (/ pi 3) x)) (sin (- (/ pi 3) x)))	(sin x)
(- (cos (- (/ pi 6) x)) (cos (+ (/ pi 6) x)))	(sin x)
(+ (sin (+ x (/ pi 6))) (cos (+ x (/ pi 3))))	(cos x)
(- (cos (+ (/ pi 6) x)) (sin (- (/ pi 3) x)))	0
(/ (+ (tan (/ pi 12)) (tan (/ pi 6))) (- 1 (* (tan (/ pi 12)) (tan (/ pi 6)))))	1
(+ (* (sin (/ pi 9)) (cos (/ pi 18))) (* (cos (/ pi 9)) (sin (/ pi 18))))	0.5
(- (* (cos (/ pi 4)) (cos (/ pi 12))) (* (sin (/ pi 4)) (sin (/ pi 12))))	0.5
(/ (- (sin (+ a b)) (sin (- a b))) (+ (cos (+ a b)) (cos (- a b))))	(tan b)
(/ (+ (sin (+ a b)) (sin (- a b))) (+ (cos (+ a b)) (cos (- a b))))	(tan a)
(/ (- (cos (- a b)) (cos (+ a b))) (+ (sin (+ a b)) (sin (- a b))))	(tan b)
(/ (* (sin (+ x y)) (sin (- x y))) (* (pow (cos x) 2) (pow (cos y) 2)))	(- (pow (tan x) 2) (pow (tan y) 2))
(/ (* (sin (+ a b)) (sin (- a b))) (* (pow (sin a) 2) (pow (sin b) 2)))	(- (pow (cot b) 2) (pow (cot a) 2))
(/ (sin (- (/ pi 2) x)) (cos (- (/ pi 2) x)))	(cot x)
(+ (sin (+ (/ pi 2) x)) (sin (- (/ pi 2) x)))	(* 2 (cos x))
(+ (cos (- pi x)) (cos (+ pi x)))	(* -2 (cos x))
(+ (sin (- pi x)) (sin (+ pi x)))	0
(* (sin x) (cos (- (/ pi 2) x)))	(pow (sin x) 2)
(* (sin x) (sec (- (/ pi 2) x)))	1
(* (tan (- (/ pi 2) x)) (tan x))	1
(* (tan x) (tan (- pi x)))	(* -1 (pow (tan x) 2))
(- (sin (+ A B)) (* (sin A) (cos B)))	(* (cos A) (sin B))
(- (cos (- A B)) (* (cos A) (cos B)))	(* (sin A) (sin B))
(- (* (cos A) (cos B)) (cos (+ A B)))	(* (sin A) (sin B))
(+ (* (sin (- x y)) (cos y)) (* (cos (- x y)) (sin y)))	(sin x)
(+ (* (cos (+ x y)) (cos y)) (* (sin (+ x y)) (sin y)))	(cos x)
(- (* (sin (+ x y)) (cos y)) (* (cos (+ x y)) (sin y)))	(sin x)
(- (* (cos (- x y)) (cos y)) (* (sin (- x y)) (sin y)))	(cos x)
(+ (* (sin (/ pi 3)) (cos x)) (* (cos (/ pi 3)) (sin x)))	(sin (+ x (/ pi 3)))
(+ (* (cos t) (cos (/ pi 4))) (* (sin t) (sin (/ pi 4))))	(cos (- t (/ pi 4)))
(- (* (sin a) (sin b)) (* (cos a) (cos b)))	(* -1 (cos (+ a b)))
(- (* (cos a) (sin b)) (* (sin a) (cos b)))	(sin (- b a))
(/ (- (* (cot a) (cot b)) 1) (+ (cot b) (cot a)))	(cot (+ a b))
(/ (+ (* (cot a) (cot b)) 1) (- (cot b) (cot a)))	(cot (- a b))
(+ (* (sin x) (cos (* 2 x))) (* (cos x) (sin (* 2 x))))	(sin (* 3 x))
(+ (* (cos (* 3 x)) (cos (* 2 x))) (* (sin (* 3 x)) (sin (* 2 x))))	(cos x)
(- (* (sin (* 3 x)) (cos x)) (* (cos (* 3 x)) (sin x)))	(sin (* 2 x))
(/ (+ (tan (* 2 x)) (tan x)) (- 1 (* (tan (* 2 x)) (tan x))))	(tan (* 3 x))
(+ (* (sin (* 2 x)) (cos (* 3 x))) (* (cos (* 2 x)) (sin (* 3 x))))	(sin (* 5 x))
(* (cos (- (/ pi 2) x)) (cot x))	(cos x)
(* (sin (+ pi x)) (sin (- pi x)))	(* -1 (pow (sin x) 2))
(* (cos (- pi x)) (cos (+ pi x)))	(pow (cos x) 2)
(/ 1 (- (* (cos x) (cos y)) (* (sin x) (sin y))))	(sec (+ x y))
(/ 1 (- (* (sin x) (cos y)) (* (cos x) (sin y))))	(csc (- x y))
(/ (sin (- A B)) (* (sin A) (cos B)))	(- 1 (* (cot A) (tan B)))
(/ (cos (+ A B)) (* (sin A) (cos B)))	(- (cot A) (tan B))
(/ (cos (- A B)) (* (sin A) (cos B)))	(+ (cot A) (tan B))
(/ (sin (+ A B)) (* (cos A) (sin B)))	(+ (* (tan A) (cot B)) 1)
(+ (/ (cos (+ a b)) (* (cos a) (cos b))) (* (tan a) (tan b)))	1
(+ (/ (sin (- a b)) (* (cos a) (cos b))) (tan b))	(tan a)
(/ (+ (tan a) (tan b)) (- (tan a) (tan b)))	(/ (sin (+ a b)) (sin (- a b)))
(+ (tan (+ (/ pi 4) x)) (tan (- (/ pi 4) x)))	(* 2 (sec (* 2 x)))
(- (tan (+ (/ pi 4) x)) (tan (- (/ pi 4) x)))	(* 2 (tan (* 2 x)))
(* (sin (- (/ pi 2) x)) (sin (+ (/ pi 2) x)))	(pow (cos x) 2)
(- (cos (- (/ pi 4) x)) (sin (+ (/ pi 4) x)))	0
(/ (sin (+ (/ pi 4) x)) (cos (- (/ pi 4) x)))	1
(- (tan (+ pi x)) (tan x))	0
(+ (pow (sin (- (/ pi 2) x)) 2) (pow (sin x) 2))	1
(- (* (cos (/ pi 7)) (cos (/ (* 2 pi) 7))) (* (sin (/ pi 7)) (sin (/ (* 2 pi) 7))))	(cos (/ (* 3 pi) 7))
(+ (cos (+ x y)) (* (sin x) (sin y)))	(* (cos x) (cos y))
(- (* (sin (* 2 x)) (cos x)) (* (cos (* 2 x)) (sin x)))	(sin x)
(- (* (cos (* 2 x)) (cos x)) (* (sin (* 2 x)) (sin x)))	(cos (* 3 x))
(/ (- 1 (cos (* 2 x))) (sin (* 2 x)))	(tan x)
(/ (sin (* 2 x)) (+ 1 (cos (* 2 x))))	(tan x)
(* (* 2 (sin x)) (cos x))	(sin (* 2 x))
(pow (- (sin A) (cos A)) 2)	(- 1 (sin (* 2 A)))
(* (* 2 (sin (* 2 x))) (cos (* 2 x)))	(sin (* 4 x))
(- (pow (cos (* 2 x)) 2) (pow (sin (* 2 x)) 2))	(cos (* 4 x))
(- 1 (* 2 (pow (sin (* 3 x)) 2)))	(cos (* 6 x))
(/ (- 1 (cos (* 2 t))) (+ 1 (cos (* 2 t))))	(pow (tan t) 2)
(- (/ 2 (sin (* 2 x))) (tan x))	(cot x)
(/ (* 2 (tan A)) (+ 1 (pow (tan A) 2)))	(sin (* 2 A))
(/ (- 1 (pow (tan x) 2)) (+ 1 (pow (tan x) 2)))	(cos (* 2 x))
(/ (cos (* 2 x)) (- (cos x) (sin x)))	(+ (cos x) (sin x))
(/ (- (sin (* 2 x)) (* 2 (sin x))) (* 2 (sin x)))	(- (cos x) 1)
(* (tan x) (+ 1 (cos (* 2 x))))	(sin (* 2 x))
(* (cot x) (- 1 (cos (* 2 x))))	(sin (* 2 x))
(- (/ (sin (* 3 x)) (sin x)) (/ (cos (* 3 x)) (cos x)))	2
(/ (+ (sin x) (sin (* 2 x))) (+ 1 (+ (cos x) (cos (* 2 x)))))	(tan x)
(- (* 3 (sin t)) (* 4 (pow (sin t) 3)))	(sin (* 3 t))
(- (* 4 (pow (cos t) 3)) (* 3 (cos t)))	(cos (* 3 t))
(/ (+ (sin (* 3 x)) (sin x)) (cos x))	(* 2 (sin (* 2 x)))
(/ (- (sin (* 3 x)) (sin x)) (cos (* 2 x)))	(* 2 (sin x))
(/ (+ (cos (* 3 x)) (cos x)) (cos (* 2 x)))	(* 2 (cos x))
(/ (- (cos x) (cos (* 3 x))) (sin (* 2 x)))	(* 2 (sin x))
(+ (/ (sin (* 3 x)) (sin x)) (/ (cos (* 3 x)) (cos x)))	(* 4 (cos (* 2 x)))
(/ (sin t) (+ 1 (cos t)))	(tan (/ t 2))
(- (csc u) (cot u))	(tan (/ u 2))
(+ (csc u) (cot u))	(cot (/ u 2))
(/ (- 1 (cos x)) (+ 1 (cos x)))	(pow (tan (/ x 2)) 2)
(/ (+ 1 (cos x)) (sin x))	(cot (/ x 2))
(* (* 2 (sin (/ x 2))) (cos (/ x 2)))	(sin x)
(- 1 (* 2 (pow (sin (/ x 2)) 2)))	(cos x)
(- (* 2 (pow (cos (/ x 2)) 2)) 1)	(cos x)
(/ (* 2 (tan (/ x 2))) (- 1 (pow (tan (/ x 2)) 2)))	(tan x)
(/ (* 2 (tan (/ x 2))) (+ 1 (pow (tan (/ x 2)) 2)))	(sin x)
(/ (- 1 (pow (tan (/ x 2)) 2)) (+ 1 (pow (tan (/ x 2)) 2)))	(cos x)
(pow (+ (sin (/ x 2)) (cos (/ x 2))) 2)	(+ 1 (sin x))
(pow (- (cos (/ x 2)) (sin (/ x 2))) 2)	(- 1 (sin x))
(/ (pow (sin (* 2 x)) 2) (* 4 (pow (sin x) 2)))	(pow (cos x) 2)
(* (* 4 (sin x)) (* (cos x) (cos (* 2 x))))	(sin (* 4 x))
(+ (- (* 8 (pow (cos x) 4)) (* 8 (pow (cos x) 2))) 1)	(cos (* 4 x))
(/ (- (pow (cot b) 2) 1) (* 2 (cot b)))	(cot (* 2 b))
(/ (cos (* 2 x)) (pow (sin x) 2))	(- (pow (csc x) 2) 2)
(/ (cos (* 2 x)) (pow (cos x) 2))	(- 1 (pow (tan x) 2))
(/ 1 (* (sin x) (cos x)))	(* 2 (csc (* 2 x)))
(/ (- (sin (* 2 x)) (sin x)) (- (+ (cos (* 2 x)) 1) (cos x)))	(tan x)
(- (/ (sin (* 3 x)) (sin x)) 1)	(* 2 (cos (* 2 x)))
(+ (/ (cos (* 3 x)) (cos x)) 1)	(* 2 (cos (* 2 x)))
(/ (+ (sin (* 3 A)) (sin A)) (+ (cos (* 3 A)) (cos A)))	(tan (* 2 A))
(/ (- (sin (* 3 x)) (sin x)) (+ (cos (* 3 x)) (cos x)))	(tan x)
(/ (- (cos x) (cos (* 3 x))) (+ (sin (* 3 x)) (sin x)))	(tan x)
(/ (- (cos x) (cos (* 3 x))) (- (sin (* 3 x)) (sin x)))	(tan (* 2 x))
(+ (* (cos (* 3 x)) (cos x)) (* (sin (* 3 x)) (sin x)))	(cos (* 2 x))
(+ (* (sin (* 2 x)) (cos x)) (* (cos (* 2 x)) (sin x)))	(sin (* 3 x))
(/ (sin (* 2 t)) (pow (cos t) 2))	(* 2 (tan t))
(* (sec x) (sin (* 2 x)))	(* 2 (sin x))
(* (csc x) (sin (* 2 x)))	(* 2 (cos x))
(/ (- 1 (cos (* 2 x))) (* 2 (sin x)))	(sin x)
(/ (+ 1 (cos (* 2 x))) (* 2 (cos x)))	(cos x)
(- (pow (cos (/ x 2)) 2) (pow (sin (/ x 2)) 2))	(cos x)
(- (pow (cos (/ x 2)) 4) (pow (sin (/ x 2)) 4))	(cos x)
(* (tan (/ x 2)) (+ 1 (cos x)))	(sin x)
(/ (- 1 (cos x)) (tan (/ x 2)))	(sin x)
(* (sin x) (cot (/ x 2)))	(+ 1 (cos x))
(* (sin x) (tan (/ x 2)))	(- 1 (cos x))
(+ (tan (/ x 2)) (cot (/ x 2)))	(* 2 (csc x))
(- (cot (/ x 2)) (tan (/ x 2)))	(* 2 (cot x))
(/ (- 1 (pow (tan (/ x 2)) 2)) (* 2 (tan (/ x 2))))	(cot x)
(- (pow (+ (sin x) (cos x)) 2) (sin (* 2 x)))	1
(* (* 8 (pow (sin x) 2)) (pow (cos x) 2))	(- 1 (cos (* 4 x)))
(* (* 4 (pow (sin x) 2)) (pow (cos x) 2))	(pow (sin (* 2 x)) 2)
(/ (- 1 (cos (* 4 x))) 2)	(pow (sin (* 2 x)) 2)
(/ (sin (* 4 x)) (* 4 (cos x)))	(* (sin x) (cos (* 2 x)))
(/ (sin (* 2 t)) (- 1 (cos (* 2 t))))	(cot t)
(/ (+ 1 (cos (* 2 t))) (sin (* 2 t)))	(cot t)
(- 1 (pow (- (cos x) (sin x)) 2))	(sin (* 2 x))
(/ (- (tan (* 2 x)) (tan x)) (+ 1 (* (tan (* 2 x)) (tan x))))	(tan x)
(* (* 4 (cos x)) (* (cos (- (/ pi 3) x)) (cos (+ (/ pi 3) x))))	(cos (* 3 x))
(* (* 4 (sin x)) (* (sin (- (/ pi 3) x)) (sin (+ (/ pi 3) x))))	(sin (* 3 x))
(* (tan x) (* (tan (- (/ pi 3) x)) (tan (+ (/ pi 3) x))))	(tan (* 3 x))
(/ (- (* 3 (sin x)) (sin (* 3 x))) (+ (* 3 (cos x)) (cos (* 3 x))))	(pow (tan x) 3)
(/ (- (* 3 (sin a)) (sin (* 3 a))) 4)	(pow (sin a) 3)
(/ (+ (cos (* 3 a)) (* 3 (cos a))) 4)	(pow (cos a) 3)
(/ (- (* 3 (tan x)) (pow (tan x) 3)) (- 1 (* 3 (pow (tan x) 2))))	(tan (* 3 x))
(/ (cos (* 2 x)) (- (cot x) (tan x)))	(* (sin x) (cos x))
(- (* 2 (pow (cos (* 2 x)) 2)) 1)	(cos (* 4 x))
(/ (- (cot x) (tan x)) (+ (cot x) (tan x)))	(cos (* 2 x))
(/ (- (pow (cot x) 2) 1) (+ (pow (cot x) 2) 1))	(cos (* 2 x))
(* (sin (/ x 2)) (cos (/ x 2)))	(/ (sin x) 2)
(/ (+ 1 (- (sin (* 2 x)) (cos (* 2 x)))) (+ 1 (+ (sin (* 2 x)) (cos (* 2 x)))))	(tan x)
(- (csc (* 2 u)) (cot (* 2 u)))	(tan u)
(+ (csc (* 2 u)) (cot (* 2 u)))	(cot u)
(- (cot (/ x 2)) (cot x))	(csc x)
(/ (- 1 (cos (* 4 A))) (sin (* 4 A)))	(tan (* 2 A))
(/ (sin (* 4 A)) (+ 1 (cos (* 4 A))))	(tan (* 2 A))
(- (* 2 (pow (sin (* 2 x)) 2)) 1)	(* -1 (cos (* 4 x)))
(/ (pow (sin (* 2 x)) 2) (- 1 (cos (* 2 x))))	(+ 1 (cos (* 2 x)))
(/ (pow (sin (* 2 x)) 2) (+ 1 (cos (* 2 x))))	(- 1 (cos (* 2 x)))
(* (tan (* 2 x)) (- 1 (pow (tan x) 2)))	(* 2 (tan x))
(/ 2 (+ 1 (cos (* 2 b))))	(pow (sec b) 2)
(/ 2 (- 1 (cos (* 2 b))))	(pow (csc b) 2)
(* 2 (cot (* 2 x)))	(- (cot x) (tan x))
(* 2 (csc (* 2 x)))	(+ (tan x) (cot x))
(/ (- (sin (* 3 x)) (sin x)) (- (cos x) (cos (* 3 x))))	(cot (* 2 x))
(/ (- (tan x) (sin x)) (* 2 (tan x)))	(pow (sin (/ x 2)) 2)
(/ (+ (tan x) (sin x)) (* 2 (tan x)))	(pow (cos (/ x 2)) 2)
(* (* 2 (pow (sin (/ x 2)) 2)) (csc x))	(tan (/ x 2))
(* (+ (sec x) (tan x)) (- 1 (sin x)))	(cos x)
(* (+ 1 (+ (tan x) (sec x))) (+ 1 (- (cot x) (csc x))))	2
(+ (pow (+ (sin x) (csc x)) 2) (pow (+ (cos x) (sec x)) 2))	(+ 7 (+ (pow (tan x) 2) (pow (cot x) 2)))
(* (- (csc x) (sin x)) (* (- (sec x) (cos x)) (+ (tan x) (cot x))))	1
(* (+ 1 (pow (tan x) 2)) (* (- 1 (sin x)) (+ 1 (sin x))))	1
(/ (+ (- (cos x) (sin x)) 1) (- (+ (cos x) (sin x)) 1))	(+ (csc x) (cot x))
(/ (+ (- (sin x) (cos x)) 1) (- (+ (sin x) (cos x)) 1))	(/ 1 (- (sec x) (tan x)))
(/ (- (+ 1 (sec x)) (tan x)) (+ (+ 1 (sec x)) (tan x)))	(/ (- 1 (sin x)) (cos x))
(+ (/ (pow (tan x) 3) (+ 1 (pow (tan x) 2))) (/ (pow (cot x) 3) (+ 1 (pow (cot x) 2))))	(- (* (sec x) (csc x)) (* 2 (* (sin x) (cos x))))
(+ (/ (+ (sin x) (cos x)) (- (sin x) (cos x))) (/ (- (sin x) (cos x)) (+ (sin x) (cos x))))	(/ 2 (- (* 2 (pow (sin x) 2)) 1))
(* (* (sec x) (- 1 (sin x))) (+ (sec x) (tan x)))	1
(- 1 (* 2 (* (pow (sin x) 2) (pow (cos x) 2))))	(+ (pow (sin x) 4) (pow (cos x) 4))
(- 1 (* 3 (* (pow (sin x) 2) (pow (cos x) 2))))	(+ (pow (sin x) 6) (pow (cos x) 6))
(+ (/ (cos x) (sin x)) (/ (sin x) (cos x)))	(* (sec x) (csc x))
(/ (pow (sin x) 2) (cos x))	(- (sec x) (cos x))
(/ (pow (cos x) 2) (sin x))	(- (csc x) (sin x))
(+ (/ 1 (- (sec x) (tan x))) (/ 1 (+ (sec x) (tan x))))	(* 2 (sec x))
(/ (* (+ 1 (pow (cot x) 2)) (tan x)) (pow (sec x) 2))	(cot x)
(* (- (pow (sec x) 2) 1) (- (pow (csc x) 2) 1))	1
(- (* (pow (sin x) 2) (pow (sec x) 2)) (pow (sin x) 2))	(* (pow (tan x) 2) (pow (sin x) 2))
(* (+ 1 (/ 1 (pow (tan x) 2))) (+ 1 (/ 1 (pow (cot x) 2))))	(/ 1 (- (pow (sin x) 2) (pow (sin x) 4)))
(+ 1 (* 2 (* (sin x) (cos x))))	(pow (+ (sin x) (cos x)) 2)
(+ (pow (+ (sin x) (cos x)) 2) (pow (- (sin x) (cos x)) 2))	2
(* (pow (sec x) 2) (pow (csc x) 2))	(pow (+ (tan x) (cot x)) 2)
(+ (* (pow (sin x) 2) (pow (cot x) 2)) (* (pow (cos x) 2) (pow (tan x) 2)))	1
(* (- 1 (pow (sin x) 2)) (pow (sec x) 2))	1
(* (- 1 (pow (cos x) 2)) (pow (csc x) 2))	1
(* (cot x) (sin x))	(cos x)
(/ (- 1 (sin x)) (+ 1 (sin x)))	(pow (- (sec x) (tan x)) 2)
(/ (cos x) (- 1 (sin x)))	(+ (sec x) (tan x))
(/ (pow (tan x) 2) (+ 1 (pow (tan x) 2)))	(pow (sin x) 2)
(/ (pow (cot x) 2) (+ 1 (pow (cot x) 2)))	(pow (cos x) 2)
(/ 1 (+ 1 (pow (tan x) 2)))	(pow (cos x) 2)
(- (/ (sin x) (+ (cot x) (csc x))) (/ (sin x) (- (cot x) (csc x))))	2
(* (- (sec x) (cos x)) (+ (sec x) (cos x)))	(+ (pow (sin x) 2) (pow (tan x) 2))
(* (- (csc x) (sin x)) (+ (csc x) (sin x)))	(+ (pow (cos x) 2) (pow (cot x) 2))
(+ (pow (tan x) 6) (+ (* 3 (* (pow (tan x) 2) (pow (sec x) 2))) 1))	(pow (sec x) 6)
(+ (pow (cot x) 6) (+ (* 3 (* (pow (cot x) 2) (pow (csc x) 2))) 1))	(pow (csc x) 6)
(+ (- (* 2 (pow (sec x) 2)) (pow (sec x) 4)) (- (pow (csc x) 4) (* 2 (pow (csc x) 2))))	(- (pow (cot x) 4) (pow (tan x) 4))
(* (+ (sin x) (cos x)) (+ (tan x) (cot x)))	(+ (sec x) (csc x))
(+ (* (sin x) (+ 1 (tan x))) (* (cos x) (+ 1 (cot x))))	(+ (sec x) (csc x))
(/ (- (* 2 (pow (cos x) 2)) 1) (* (sin x) (cos x)))	(- (cot x) (tan x))
(* 2 (* (sin (/ (+ a b) 2)) (cos (/ (- a b) 2))))	(+ (sin a) (sin b))
(* 2 (* (cos (/ (+ a b) 2)) (sin (/ (- a b) 2))))	(- (sin a) (sin b))
(* 2 (* (cos (/ (+ a b) 2)) (cos (/ (- a b) 2))))	(+ (cos a) (cos b))
(* -1 (* 2 (* (sin (/ (+ a b) 2)) (sin (/ (- a b) 2)))))	(- (cos a) (cos b))
(/ (+ (sin x) (sin (* 3 x))) (+ (cos x) (cos (* 3 x))))	(tan (* 2 x))
(/ (+ (sin (* 5 x)) (sin (* 3 x))) (+ (cos (* 5 x)) (cos (* 3 x))))	(tan (* 4 x))
(- 1 (* 8 (* (pow (sin x) 2) (pow (cos x) 2))))	(cos (* 4 x))
(- (pow (sin (+ a b)) 2) (pow (sin (- a b)) 2))	(* (sin (* 2 a)) (sin (* 2 b)))
(+ (pow (cos x) 2) (+ (pow (cos (+ x (/ pi 3))) 2) (pow (cos (- x (/ pi 3))) 2)))	(/ 3 2)
(/ 1 (+ (sec x) (tan x)))	(- (sec x) (tan x))
(+ (/ 1 (- (csc x) (cot x))) (/ 1 (+ (csc x) (cot x))))	(* 2 (csc x))
(+ 1 (/ (pow (tan x) 2) (+ 1 (sec x))))	(sec x)
(* (pow (- (sec x) (tan x)) 2) (+ 1 (sin x)))	(- 1 (sin x))
(+ (/ (sin x) (- (+ (sec x) (tan x)) 1)) (/ (cos x) (- (+ (csc x) (cot x)) 1)))	1
(/ (- (+ (cot x) (csc x)) 1) (+ (- (cot x) (csc x)) 1))	(/ (+ 1 (cos x)) (sin x))
(/ (+ (pow (sin x) 3) (pow (cos x) 3)) (+ (sin x) (cos x)))	(- 1 (* (sin x) (cos x)))
(/ (- (pow (sin x) 3) (pow (cos x) 3)) (- (sin x) (cos x)))	(+ 1 (* (sin x) (cos x)))
(+ (/ (sin x) (- 1 (cos x))) (/ (tan x) (+ 1 (cos x))))	(+ (* (sec x) (csc x)) (cot x))
(- (/ 1 (- 1 (cos x))) (/ 1 (+ 1 (cos x))))	(* 2 (* (cot x) (csc x)))
(+ (/ (csc x) (- (csc x) 1)) (/ (csc x) (+ (csc x) 1)))	(* 2 (pow (sec x) 2))
(+ (/ (sec x) (- (sec x) 1)) (/ (sec x) (+ (sec x) 1)))	(* 2 (pow (csc x) 2))
(/ (tan x) (pow (sec x) 2))	(* (sin x) (cos x))
(+ (- (* 2 (+ (pow (sin x) 6) (pow (cos x) 6))) (* 3 (+ (pow (sin x) 4) (pow (cos x) 4)))) 1)	0
(* (+ 1 (+ (cot x) (tan x))) (- (sin x) (cos x)))	(- (* (sin x) (tan x)) (* (cos x) (cot x)))
(/ (- (cos (* 9 x)) (cos (* 5 x))) (- (sin (* 17 x)) (sin (* 3 x))))	(* -1 (/ (sin (* 2 x)) (cos (* 10 x))))
(+ (sin x) (+ (sin (* 3 x)) (+ (sin (* 5 x)) (sin (* 7 x)))))	(* 4 (* (cos x) (* (cos (* 2 x)) (sin (* 4 x)))))
(- (+ (- (* 32 (pow (cos x) 6)) (* 48 (pow (cos x) 4))) (* 18 (pow (cos x) 2))) 1)	(cos (* 6 x))
(+ (/ (cot x) (+ (csc x) 1)) (/ (+ (csc x) 1) (cot x)))	(* 2 (sec x))
(+ (/ (tan x) (- (sec x) 1)) (/ (tan x) (+ (sec x) 1)))	(* 2 (csc x))
(/ (- (sec x) 1) (+ (sec x) 1))	(pow (- (csc x) (cot x)) 2)
(+ (pow (- 1 (tan x)) 2) (pow (+ 1 (tan x)) 2))	(* 2 (pow (sec x) 2))
(+ (pow (- 1 (cot x)) 2) (pow (+ 1 (cot x)) 2))	(* 2 (pow (csc x) 2))
(* (- (pow (sin x) 2) (pow (cos x) 2)) (- 1 (* 2 (* (pow (sin x) 2) (pow (cos x) 2)))))	(- (pow (sin x) 8) (pow (cos x) 8))
(* (sin t) (* (sin (- (/ pi 3) t)) (sin (+ (/ pi 3) t))))	(/ (sin (* 3 t)) 4)
(* (cos t) (* (cos (- (/ pi 3) t)) (cos (+ (/ pi 3) t))))	(/ (cos (* 3 t)) 4)
(- (/ (cos x) (sin x)) (/ (sin x) (cos x)))	(* 2 (cot (* 2 x)))
(* (* (cos x) (cos (* 2 x))) (cos (* 4 x)))	(/ (sin (* 8 x)) (* 8 (sin x)))
(* (* (cos x) (cos (* 2 x))) (* (cos (* 4 x)) (cos (* 8 x))))	(/ (sin (* 16 x)) (* 16 (sin x)))
(+ (sin x) (+ (sin (+ x (/ (* 2 pi) 3))) (sin (+ x (/ (* 4 pi) 3)))))	0
(+ (cos x) (+ (cos (+ x (/ (* 2 pi) 3))) (cos (+ x (/ (* 4 pi) 3)))))	0
(- (pow (cos (- x y)) 2) (pow (sin (+ x y)) 2))	(* (cos (* 2 x)) (cos (* 2 y)))
(* 4 (* (sin x) (* (sin (- (/ pi 3) x)) (sin (+ (/ pi 3) x)))))	(sin (* 3 x))
(* 4 (* (cos x) (* (cos (- (/ pi 3) x)) (cos (+ (/ pi 3) x)))))	(cos (* 3 x))
(/ (+ (sin a) (sin b)) (+ (cos a) (cos b)))	(tan (/ (+ a b) 2))
(/ (- (sin a) (sin b)) (+ (cos a) (cos b)))	(tan (/ (- a b) 2))
(/ (- (sin a) (sin b)) (- (cos a) (cos b)))	(* -1 (cot (/ (+ a b) 2)))
(/ (- (tan (* 3 x)) (+ (tan (* 2 x)) (tan x))) (* (tan (* 2 x)) (tan x)))	(tan (* 3 x))
(/ (- (* (cot x) (cot y)) 1) (+ (cot x) (cot y)))	(cot (+ x y))
(- (* 2 (+ (pow (sin x) 6) (pow (cos x) 6))) (* 3 (+ (pow (sin x) 4) (pow (cos x) 4))))	-1
(+ (pow (sin x) 2) (+ (pow (sin (+ x (/ pi 3))) 2) (pow (sin (- x (/ pi 3))) 2)))	1.5
(+ (pow (cos x) 2) (+ (pow (cos (+ x (/ (* 2 pi) 3))) 2) (pow (cos (- x (/ (* 2 pi) 3))) 2)))	1.5
(/ (+ (sin (* 4 x)) (sin (* 2 x))) (+ (cos (* 4 x)) (cos (* 2 x))))	(tan (* 3 x))
(/ (+ (sin x) (+ (sin (* 2 x)) (sin (* 3 x)))) (+ (cos x) (+ (cos (* 2 x)) (cos (* 3 x)))))	(tan (* 2 x))
(* (- (csc x) (cot x)) (+ (csc x) (cot x)))	1
(+ (pow (tan x) 2) 1)	(pow (sec x) 2)
(+ 1 (* (tan x) (tan (/ x 2))))	(sec x)
(/ (tan x) (+ 1 (pow (tan x) 2)))	(/ (sin (* 2 x)) 2)
(- (cot x) (cot (* 2 x)))	(csc (* 2 x))
(- (cot x) (* 2 (cot (* 2 x))))	(tan x)
(+ (cos (* 2 x)) (* 2 (pow (sin x) 2)))	1
(/ (+ (sin (* 7 x)) (sin (* 5 x))) (+ (cos (* 7 x)) (cos (* 5 x))))	(tan (* 6 x))
(/ (- (sin (* 5 x)) (sin (* 3 x))) (- (cos (* 3 x)) (cos (* 5 x))))	(cot (* 4 x))
(/ (+ (cos (* 3 x)) (cos x)) (+ (sin (* 3 x)) (sin x)))	(cot (* 2 x))
(/ (+ (sin (* 3 x)) (sin x)) (* 2 (sin (* 2 x))))	(cos x)
(/ (- (cos x) (cos (* 3 x))) (* 2 (sin (* 2 x))))	(sin x)
(* 2 (* (sin (+ x (/ pi 4))) (cos (- x (/ pi 4)))))	(+ (sin (* 2 x)) 1)
(pow (+ (cos x) (sin x)) 2)	(+ 1 (sin (* 2 x)))
(+ (pow (sec x) 2) (pow (csc x) 2))	(pow (* (sec x) (csc x)) 2)
(/ (+ 1 (cos (* 2 x))) (- 1 (cos (* 2 x))))	(pow (cot x) 2)
(/ (+ (tan x) (tan y)) (+ (cot x) (cot y)))	(* (tan x) (tan y))
(* (sin (- (/ pi 4) x)) (cos (- (/ pi 4) x)))	(/ (cos (* 2 x)) 2)
(/ (- (sin x) (sin (* 3 x))) (- (pow (sin x) 2) (pow (cos x) 2)))	(* 2 (sin x))
(+ (cos (* 2 x)) (pow (sin x) 2))	(pow (cos x) 2)
(/ (- 1 (* (tan x) (tan y))) (+ 1 (* (tan x) (tan y))))	(/ (cos (+ x y)) (cos (- x y)))
(+ (pow (sin x) 2) (pow (sin (- (/ pi 2) x)) 2))	1
(- (pow (+ (sin x) (cos x)) 2) 1)	(sin (* 2 x))
(/ (+ (sin (* 5 x)) (sin x)) (+ (cos (* 5 x)) (cos x)))	(tan (* 3 x))
(/ (- (cos x) (cos (* 5 x))) (- (sin (* 5 x)) (sin x)))	(tan (* 3 x))
(- (* (sin x) (pow (cos x) 3)) (* (cos x) (pow (sin x) 3)))	(/ (sin (* 4 x)) 4)
(/ (sin (* 3 x)) (+ (* 2 (cos (* 2 x))) 1))	(sin x)
(/ (cos (* 3 x)) (- (* 2 (cos (* 2 x))) 1))	(cos x)
(* (sin x) (sec x))	(tan x)
(/ (- (cos (* 2 x)) (cos (* 4 x))) (* 2 (sin (* 3 x))))	(sin x)
(/ (+ (sin (* 2 x)) (sin (* 4 x))) (* 2 (cos x)))	(sin (* 3 x))
(* (* (sin x) (cos x)) (cos (* 2 x)))	(/ (sin (* 4 x)) 4)
(/ (sin x) (csc x))	(pow (sin x) 2)
(* (cos x) (tan x))	(sin x)
(* (sec x) (* (- 1 (sin x)) (+ (sec x) (tan x))))	1
(* (csc x) (* (+ 1 (cos x)) (- (csc x) (cot x))))	1
(* (- (sec x) (cos x)) (- (csc x) (sin x)))	(* (sin x) (cos x))
(* (+ (sin x) (cos x)) (- 1 (* (sin x) (cos x))))	(+ (pow (sin x) 3) (pow (cos x) 3))
(* (- (sin x) (cos x)) (+ 1 (* (sin x) (cos x))))	(- (pow (sin x) 3) (pow (cos x) 3))
(- (pow (tan x) 2) (pow (sin x) 2))	(pow (* (tan x) (sin x)) 2)
(- (pow (cot x) 2) (pow (cos x) 2))	(pow (* (cot x) (cos x)) 2)
(* (- (csc x) (cot x)) (+ 1 (cos x)))	(sin x)
(/ (+ 1 (pow (tan x) 2)) (+ 1 (pow (cot x) 2)))	(pow (tan x) 2)
(/ (- (pow (cos x) 2) (pow (sin x) 2)) (* (sin x) (cos x)))	(* 2 (cot (* 2 x)))
(* (+ 1 (+ (tan x) (cot x))) (- (sin x) (cos x)))	(- (* (sin x) (tan x)) (* (cos x) (cot x)))
(+ (- (pow (cos x) 4) (pow (sin x) 4)) 1)	(* 2 (pow (cos x) 2))
(- (pow (+ (* (sec A) (sec B)) (* (tan A) (tan B))) 2) (pow (+ (* (sec A) (tan B)) (* (tan A) (sec B))) 2))	1
(* (- (+ 1 (cot A)) (csc A)) (+ (+ 1 (tan A)) (sec A)))	2
(* (pow (sec x) 2) (- (pow (sec x) 2) 1))	(+ (pow (tan x) 4) (pow (tan x) 2))
(+ (+ (* (pow (sin x) 2) (tan x)) (* (pow (cos x) 2) (cot x))) (* 2 (* (sin x) (cos x))))	(+ (tan x) (cot x))
(/ (- (+ 1 (sin x)) (cos x)) (+ (+ 1 (sin x)) (cos x)))	(tan (/ x 2))
(* 2 (pow (cos (/ x 2)) 2))	(+ 1 (cos x))
(* -2 (* (sin (/ (+ A B) 2)) (sin (/ (- A B) 2))))	(- (cos A) (cos B))
(/ (- (cos x) (cos (* 3 x))) (+ (sin x) (sin (* 3 x))))	(tan x)
(/ (cos (* 2 x)) (+ 1 (sin (* 2 x))))	(tan (- (/ pi 4) x))
(/ (+ (cos x) (sin x)) (- (cos x) (sin x)))	(tan (+ (/ pi 4) x))
(- (* 4 (* (sin x) (pow (cos x) 3))) (* 4 (* (pow (sin x) 3) (cos x))))	(sin (* 4 x))
(- (+ (- (* 2 (pow (sec x) 2)) (pow (sec x) 4)) (pow (csc x) 4)) (* 2 (pow (csc x) 2)))	(- (pow (cot x) 4) (pow (tan x) 4))
(- (* (pow (sin A) 2) (pow (cos B) 2)) (* (pow (cos A) 2) (pow (sin B) 2)))	(- (pow (sin A) 2) (pow (sin B) 2))
(/ (- (pow (sin A) 2) (pow (sin B) 2)) (* (pow (cos A) 2) (pow (cos B) 2)))	(- (pow (tan A) 2) (pow (tan B) 2))
(- (* (pow (sec x) 4) (- 1 (pow (sin x) 4))) (* 2 (pow (tan x) 2)))	1
(+ (pow (tan t) 4) (+ (* 2 (pow (tan t) 2)) 1))	(pow (sec t) 4)
(+ (* (sin t) (cot t)) (* (cos t) (tan t)))	(+ (cos t) (sin t))
(/ (csc x) (+ (cot x) (tan x)))	(cos x)
(/ (- (+ (pow (sin x) 6) (pow (cos x) 6)) 1) (- (+ (pow (sin x) 4) (pow (cos x) 4)) 1))	(/ 3 2)
(- (/ (+ (cos A) (sin A)) (- (cos A) (sin A))) (/ (- (cos A) (sin A)) (+ (cos A) (sin A))))	(* 2 (tan (* 2 A)))
(/ (- (sec (* 8 A)) 1) (- (sec (* 4 A)) 1))	(/ (tan (* 8 A)) (tan (* 2 A)))
(- (pow (csc x) 4) (pow (cot x) 4))	(+ 1 (* 2 (pow (cot x) 2)))
(/ (- (tan A) (tan B)) (- (cot B) (cot A)))	(* (tan A) (tan B))
(* (tan x) (tan (- (/ pi 2) x)))	1
(- (/ (sin (* 2 x)) (sin x)) (/ (cos (* 2 x)) (cos x)))	(sec x)
(/ (- (sec x) (cos x)) (- (csc x) (sin x)))	(pow (tan x) 3)
(+ (/ (cot x) (- (csc x) 1)) (/ (cot x) (+ (csc x) 1)))	(* 2 (sec x))
(/ (+ (sec x) (tan x)) (- (sec x) (tan x)))	(pow (+ (sec x) (tan x)) 2)
(/ (+ (csc x) (cot x)) (- (csc x) (cot x)))	(pow (+ (csc x) (cot x)) 2)
(+ (/ 1 (+ (sec x) 1)) (/ 1 (- (sec x) 1)))	(* 2 (* (cot x) (csc x)))
(+ (/ 1 (- (csc x) 1)) (/ 1 (+ (csc x) 1)))	(* 2 (* (tan x) (sec x)))
(pow (- 1 (pow (sin x) 2)) 2)	(pow (cos x) 4)
(* (sin (+ pi x)) (sin (+ (/ pi 2) x)))	(* -1 (* (sin x) (cos x)))
(* (cos (+ pi x)) (cos (- (/ pi 2) x)))	(* -1 (* (sin x) (cos x)))
(* (sin (- pi x)) (cos (+ (/ pi 2) x)))	(* -1 (pow (sin x) 2))
(* (cos (- pi x)) (sin (+ (/ (* 3 pi) 2) x)))	(pow (cos x) 2)
(* (sin (- (/ (* 3 pi) 2) x)) (sin (+ (/ pi 2) x)))	(* -1 (pow (cos x) 2))
(* (cos (- (* 2 pi) x)) (cos (+ pi x)))	(* -1 (pow (cos x) 2))
(* (sin (- (* 2 pi) x)) (sin (+ pi x)))	(pow (sin x) 2)
(* (tan (+ pi x)) (cot (- pi x)))	-1
(* (tan (+ (/ pi 2) x)) (tan (- pi x)))	1
(* (sec (+ pi x)) (cos (- (* 2 pi) x)))	-1
(* (csc (- pi x)) (sin (+ pi x)))	-1
(* (tan (- (* 2 pi) x)) (cot (+ pi x)))	-1
(* (sec (- pi x)) (cos (+ pi x)))	1
(* (sin (+ (/ pi 2) x)) (sec (- pi x)))	-1
(* (cos (+ (/ pi 2) x)) (csc (- (* 2 pi) x)))	1
(* (* (tan (- pi x)) (cos (+ pi x))) (csc x))	1
(/ (sin (+ pi x)) (sin (- pi x)))	-1
(/ (cos (- (* 2 pi) x)) (cos (+ pi x)))	-1
(/ (tan (- pi x)) (tan (+ pi x)))	-1
(/ (sin (+ (/ pi 2) x)) (cos (- (* 2 pi) x)))	1
(/ (cos (+ (/ pi 2) x)) (sin (+ pi x)))	1
(/ (sin (+ (/ (* 3 pi) 2) x)) (cos (+ pi x)))	1
(/ (cos (- (/ (* 3 pi) 2) x)) (sin (- pi x)))	-1
(/ (* (sin (+ pi x)) (cos (- (* 2 pi) x))) (cos (- pi x)))	(sin x)
(/ (* (cos (+ pi x)) (sin (- (* 2 pi) x))) (sin (- pi x)))	(cos x)
(/ (* (sin (- pi x)) (cos (+ (/ pi 2) x))) (sin (+ pi x)))	(sin x)
(/ (* (tan (- pi x)) (cos (- (* 2 pi) x))) (sin (+ pi x)))	1
(* (sin (+ (/ pi 2) x)) (tan (+ pi x)))	(sin x)
(* (cos (- (/ pi 2) x)) (cot (+ pi x)))	(cos x)
(* (sin (- (/ (* 3 pi) 2) x)) (tan (- (* 2 pi) x)))	(sin x)
(* (cos (+ (/ (* 3 pi) 2) x)) (cot (- pi x)))	(* -1 (cos x))
(* (tan (+ (/ pi 2) x)) (sin (+ pi x)))	(cos x)
(* (tan (- (/ pi 2) x)) (sin (- (* 2 pi) x)))	(* -1 (cos x))
(* (cot (+ (/ pi 2) x)) (cos (- pi x)))	(sin x)
(* (cot (- (/ pi 2) x)) (cos (+ pi x)))	(* -1 (sin x))
(* (sin (* -1 x)) (cos (- pi x)))	(* (sin x) (cos x))
(* (cos (* -1 x)) (sin (+ pi x)))	(* -1 (* (sin x) (cos x)))
(* (tan (* -1 x)) (cos (* -1 x)))	(* -1 (sin x))
(/ (sin (* -1 x)) (sin (+ pi x)))	1
(/ (cos (* -1 x)) (cos (- (* 2 pi) x)))	1
(+ (tan (* -1 x)) (tan (+ pi x)))	0
(+ (sin (* -1 x)) (sin (- (* 2 pi) x)))	(* -2 (sin x))
(+ (cos (+ pi x)) (cos (* -1 x)))	0
(+ (sin (- pi x)) (sin (* -1 x)))	0
(+ (sin (+ (/ pi 2) x)) (cos (- pi x)))	0
(- (sin (+ (/ pi 2) x)) (cos (- (* 2 pi) x)))	0
(+ (cos (+ (/ pi 2) x)) (sin (- pi x)))	0
(+ (cos (+ (/ pi 2) x)) (sin (- (* 2 pi) x)))	(* -2 (sin x))
(+ (sin (+ (/ (* 3 pi) 2) x)) (cos (+ pi x)))	(* -2 (cos x))
(+ (sin (- (/ (* 3 pi) 2) x)) (cos (- (* 2 pi) x)))	0
(+ (cos (- (/ (* 3 pi) 2) x)) (sin (+ pi x)))	(* -2 (sin x))
(- (cos (+ (/ (* 3 pi) 2) x)) (sin (- pi x)))	0
(+ (tan (+ pi x)) (tan (- (* 2 pi) x)))	0
(+ (tan (- pi x)) (tan (- (* 2 pi) x)))	(* -2 (tan x))
(- (sec (- (* 2 pi) x)) (sec (* -1 x)))	0
(+ (pow (sin (+ pi x)) 2) (pow (cos (- (* 2 pi) x)) 2))	1
(+ (pow (sin (- pi x)) 2) (pow (sin (- (/ (* 3 pi) 2) x)) 2))	1
(+ (pow (cos (+ (/ pi 2) x)) 2) (pow (cos (+ pi x)) 2))	1
(+ (pow (sin (+ (/ pi 2) x)) 2) (pow (sin (+ pi x)) 2))	1
(- (pow (sin (+ (/ (* 3 pi) 2) x)) 2) (pow (cos (- pi x)) 2))	0
(- 1 (pow (sin (+ pi x)) 2))	(pow (cos x) 2)
(- 1 (pow (cos (- (* 2 pi) x)) 2))	(pow (sin x) 2)
(/ (* (sin (- pi x)) (* (cos (- (* 2 pi) x)) (tan (- (/ (* 3 pi) 2) x)))) (* (cot (* -1 (+ x pi))) (sin (* -1 (+ x pi)))))	(* -1 (cos x))
(/ (* (cos (+ (/ pi 2) x)) (sin (- pi x))) (cos (- (/ (* 3 pi) 2) x)))	(sin x)
(* (tan (+ pi x)) (* (cos (- (* 2 pi) x)) (sin (- x (/ (* 3 pi) 2)))))	(* (sin x) (cos x))
(/ (* (sin (+ pi x)) (sin (+ (/ pi 2) x))) (tan (- pi x)))	(pow (cos x) 2)
(/ (* (cos (+ pi x)) (cos (- (/ pi 2) x))) (cot (- pi x)))	(pow (sin x) 2)
(/ (* (sin (+ pi x)) (cos (- (/ pi 2) x))) (tan (- pi x)))	(* (sin x) (cos x))
(* (sin (+ pi x)) (* (cos (- pi x)) (tan (- (* 2 pi) x))))	(* -1 (pow (sin x) 2))
(* (cos (+ pi x)) (* (sin (- pi x)) (cot (- (* 2 pi) x))))	(pow (cos x) 2)
(/ (- (cos x) (sin x)) (+ (cos x) (sin x)))	(tan (- (/ pi 4) x))
(- (cos (+ (/ pi 4) x)) (sin (- (/ pi 4) x)))	0
(* (sin (+ (/ pi 4) x)) (cos (+ (/ pi 4) x)))	(/ (cos (* 2 x)) 2)
(+ (pow (sin (+ (/ pi 4) x)) 2) (pow (sin (- (/ pi 4) x)) 2))	1
(+ (pow (cos (+ (/ pi 4) x)) 2) (pow (cos (- (/ pi 4) x)) 2))	1
(- (pow (sin (+ (/ pi 4) x)) 2) (pow (sin (- (/ pi 4) x)) 2))	(sin (* 2 x))
(- (pow (cos (- (/ pi 4) x)) 2) (pow (sin (- (/ pi 4) x)) 2))	(sin (* 2 x))
(* (sec (+ pi x)) (cos (- pi x)))	1
(* (csc (+ pi x)) (sin (- pi x)))	-1
(* (sec (+ (/ pi 2) x)) (sin (- (* 2 pi) x)))	1
(* (csc (+ (/ pi 2) x)) (cos (+ pi x)))	-1
(* (sec (- (* 2 pi) x)) (cos (* -1 x)))	1
(* (csc (+ (/ (* 3 pi) 2) x)) (cos (- pi x)))	1
(* (sec (- (/ (* 3 pi) 2) x)) (sin (+ pi x)))	1
(tan (+ (/ (* 3 pi) 2) x))	(* -1 (cot x))
(cot (- (/ (* 3 pi) 2) x))	(tan x)
(sec (+ (/ (* 3 pi) 2) x))	(csc x)
(sec (- (/ (* 3 pi) 2) x))	(* -1 (csc x))
(csc (- (/ (* 3 pi) 2) x))	(* -1 (sec x))
(csc (+ (/ (* 3 pi) 2) x))	(* -1 (sec x))
(* (sin (+ (/ pi 2) x)) (csc x))	(cot x)
(* (cos (- (/ pi 2) x)) (sec x))	(tan x)
(* (sin (- pi x)) (sec (- (* 2 pi) x)))	(tan x)
(* (cos (+ pi x)) (csc (+ pi x)))	(cot x)
(/ (sin (+ pi x)) (cos (+ pi x)))	(tan x)
(/ (sin (- (* 2 pi) x)) (cos (- (* 2 pi) x)))	(* -1 (tan x))
(/ (cos (- pi x)) (sin (- pi x)))	(* -1 (cot x))
(/ (sin (+ (/ pi 2) x)) (cos (+ (/ pi 2) x)))	(* -1 (cot x))
(/ (cos (- (/ pi 2) x)) (sin (- (/ pi 2) x)))	(tan x)
(/ (sin (- (/ (* 3 pi) 2) x)) (cos (- (/ (* 3 pi) 2) x)))	(cot x)
(/ (sin (+ (/ (* 3 pi) 2) x)) (cos (+ (/ (* 3 pi) 2) x)))	(* -1 (cot x))
(/ (* (sin (* -1 x)) (* (cos (- (* 2 pi) x)) (tan (+ pi x)))) (sin (- pi x)))	(* -1 (sin x))
(* (cos (* -1 x)) (* (sin (+ pi x)) (tan (- (* 2 pi) x))))	(pow (sin x) 2)
(* (tan (- pi x)) (sin (+ (/ pi 2) x)))	(* -1 (sin x))
(* (cot (+ pi x)) (sin (- (* 2 pi) x)))	(* -1 (cos x))
(* (sec (- pi x)) (sin (+ (/ (* 3 pi) 2) x)))	1
(* (csc (- (* 2 pi) x)) (cos (- (/ pi 2) x)))	-1
(+ (pow (sin (- pi x)) 2) (pow (cos (+ pi x)) 2))	1
(+ (pow (sin (- (* 2 pi) x)) 2) (pow (cos (- (* 2 pi) x)) 2))	1
(* (tan (+ pi x)) (cot x))	1
(* (tan (- pi x)) (cot (+ pi x)))	-1
(- (sin (+ (/ pi 3) x)) (cos (- (/ pi 6) x)))	0
(- (cos (+ (/ pi 3) x)) (sin (- (/ pi 6) x)))	0
(- (sin (+ (/ pi 6) x)) (cos (- (/ pi 3) x)))	0
(- (sin (- (/ (* 2 pi) 3) x)) (sin (+ (/ pi 3) x)))	0
(+ (cos (- (/ (* 2 pi) 3) x)) (cos (+ (/ pi 3) x)))	0
(- (sin (- (/ (* 5 pi) 6) x)) (sin (+ (/ pi 6) x)))	0
(+ (cos (- (/ (* 5 pi) 6) x)) (cos (+ (/ pi 6) x)))	0
(+ (sin (- x pi)) (sin (- pi x)))	0
(+ (cos (- x pi)) (cos x))	0
(+ (sin (- x (/ pi 2))) (cos x))	0
(- (cos (- x (/ pi 2))) (sin x))	0
(* (cos (+ x pi)) (cos (- x pi)))	(pow (cos x) 2)
(* (sin (+ x pi)) (sin (- x pi)))	(pow (sin x) 2)
(* (sin (+ x (/ pi 2))) (sin (- x (/ pi 2))))	(* -1 (pow (cos x) 2))
(* (cos (+ x (/ pi 2))) (cos (- x (/ pi 2))))	(* -1 (pow (sin x) 2))
(* (sin (+ x (/ pi 2))) (cos (- x (/ pi 2))))	(* (sin x) (cos x))
(* (cos (+ x (/ pi 2))) (sin (- x (/ pi 2))))	(* (sin x) (cos x))
(* (+ 1 (cos (- pi x))) (+ 1 (cos x)))	(pow (sin x) 2)
(* (- 1 (sin (+ pi x))) (- 1 (sin x)))	(pow (cos x) 2)
(/ (sin (- pi x)) (+ 1 (cos (- pi x))))	(cot (/ x 2))
(* (sin (+ (/ pi 2) x)) (tan x))	(sin x)
(* (cos (+ (/ pi 2) x)) (cot x))	(* -1 (cos x))
(* (sec x) (cos (- pi x)))	-1
(* (csc x) (sin (- (* 2 pi) x)))	-1
(* (tan (- (/ pi 2) x)) (tan (+ pi x)))	1
(/ (* (sin (- (* 2 pi) x)) (tan (+ pi x))) (cos (- pi x)))	(pow (tan x) 2)
(/ (* (cos (- (* 2 pi) x)) (cot (+ pi x))) (sin (- pi x)))	(pow (cot x) 2)
(+ (+ (pow (sin x) 4) (pow (cos x) 4)) (* 2 (* (pow (sin x) 2) (pow (cos x) 2))))	1
(- (- 1 (pow (sin t) 4)) (pow (cos t) 4))	(/ (pow (sin (* 2 t)) 2) 2)
(+ (pow (sin a) 4) (pow (cos a) 4))	(/ (+ 3 (cos (* 4 a))) 4)
(- (- 1 (pow (sin u) 6)) (pow (cos u) 6))	(* 3 (pow (* (sin u) (cos u)) 2))
(* (- (pow (sin x) 2) (pow (cos x) 2)) (- 1 (pow (* (sin x) (cos x)) 2)))	(- (pow (sin x) 6) (pow (cos x) 6))
(+ (- 1 (* 4 (pow (* (sin y) (cos y)) 2))) (* 2 (pow (* (sin y) (cos y)) 4)))	(+ (pow (sin y) 8) (pow (cos y) 8))
(- (* 3 (+ (pow (sin t) 4) (pow (cos t) 4))) (* 2 (+ (pow (sin t) 6) (pow (cos t) 6))))	1
(- (+ (pow (sin b) 4) (pow (cos b) 4)) (+ (pow (sin b) 6) (pow (cos b) 6)))	(pow (* (sin b) (cos b)) 2)
(* (- 1 (* 2 (pow (* (sin x) (cos x)) 2))) (- (* 2 (pow (sin x) 2)) 1))	(- (pow (sin x) 8) (pow (cos x) 8))
(- (- (- (pow (sec x) 4) (pow (sec x) 2)) (pow (tan x) 4)) (pow (tan x) 2))	0
(+ 1 (* 2 (* (pow (sec a) 2) (pow (tan a) 2))))	(+ (pow (sec a) 4) (pow (tan a) 4))
(+ 1 (* 2 (* (pow (csc a) 2) (pow (cot a) 2))))	(+ (pow (csc a) 4) (pow (cot a) 4))
(+ 1 (* 3 (* (pow (sec u) 2) (pow (tan u) 2))))	(- (pow (sec u) 6) (pow (tan u) 6))
(+ 1 (* 3 (* (pow (csc u) 2) (pow (cot u) 2))))	(- (pow (csc u) 6) (pow (cot u) 6))
(+ 1 (+ (* 3 (pow (tan x) 2)) (* 3 (pow (tan x) 4))))	(- (pow (sec x) 6) (pow (tan x) 6))
(+ 1 (+ (* 3 (pow (cot x) 2)) (* 3 (pow (cot x) 4))))	(- (pow (csc x) 6) (pow (cot x) 6))
(pow (+ 1 (pow (tan t) 2)) 3)	(pow (sec t) 6)
(pow (+ 1 (pow (cot t) 2)) 3)	(pow (csc t) 6)
(+ (+ 1 (* 2 (pow (tan y) 2))) (pow (tan y) 4))	(pow (sec y) 4)
(+ (+ 1 (* 2 (pow (cot y) 2))) (pow (cot y) 4))	(pow (csc y) 4)
(+ (- (pow (sec b) 4) (* 2 (pow (sec b) 2))) 1)	(pow (tan b) 4)
(+ (- (pow (csc b) 4) (* 2 (pow (csc b) 2))) 1)	(pow (cot b) 4)
(* (- 1 (pow (cos t) 2)) (+ 1 (pow (tan t) 2)))	(pow (tan t) 2)
(* (- 1 (pow (sin t) 2)) (+ 1 (pow (cot t) 2)))	(pow (cot t) 2)
(* (pow (cos u) 2) (+ 1 (pow (sin u) 2)))	(- 1 (pow (sin u) 4))
(* (pow (sin u) 2) (+ 1 (pow (cos u) 2)))	(- 1 (pow (cos u) 4))
(* (pow (sec x) 4) (- 1 (pow (sin x) 4)))	(+ 1 (* 2 (pow (tan x) 2)))
(* (pow (csc x) 4) (- 1 (pow (cos x) 4)))	(+ 1 (* 2 (pow (cot x) 2)))
(pow (+ 1 (sin (* 2 t))) 2)	(pow (+ (sin t) (cos t)) 4)
(+ (pow (+ (sin x) (cos x)) 4) (pow (- (sin x) (cos x)) 4))	(+ 2 (* 2 (pow (sin (* 2 x)) 2)))
(* (pow (+ (sin y) (cos y)) 2) (pow (- (sin y) (cos y)) 2))	(pow (cos (* 2 y)) 2)
(- (pow (+ (sin x) (cos x)) 4) (pow (- (sin x) (cos x)) 4))	(* 4 (sin (* 2 x)))
(+ (pow (+ (sin u) (cos u)) 6) (pow (- (sin u) (cos u)) 6))	(+ 2 (* 6 (pow (sin (* 2 u)) 2)))
(- 1 (pow (- (sin t) (cos t)) 2))	(sin (* 2 t))
(+ (+ (pow (sin a) 3) (pow (cos a) 3)) (* 3 (* (* (sin a) (cos a)) (+ (sin a) (cos a)))))	(pow (+ (sin a) (cos a)) 3)
(* (pow (+ (sec t) (tan t)) 2) (pow (- (sec t) (tan t)) 2))	1
(* (pow (+ (sec u) (tan u)) 3) (pow (- (sec u) (tan u)) 3))	1
(* (pow (+ (csc t) (cot t)) 2) (pow (- (csc t) (cot t)) 2))	1
(- (- (pow (sec u) 4) (pow (tan u) 4)) (* 2 (pow (tan u) 2)))	1
(- (- (pow (csc u) 4) (pow (cot u) 4)) (* 2 (pow (cot u) 2)))	1
(* (pow (sin b) 4) (pow (csc b) 2))	(pow (sin b) 2)
(* (pow (cos b) 4) (pow (sec b) 2))	(pow (cos b) 2)
(/ (+ (- 3 (* 4 (cos (* 2 x)))) (cos (* 4 x))) 8)	(pow (sin x) 4)
(/ (+ (+ 3 (* 4 (cos (* 2 x)))) (cos (* 4 x))) 8)	(pow (cos x) 4)
(+ (- (pow (sin t) 4) (pow (cos t) 4)) (cos (* 2 t)))	0
(/ (- (+ (pow (sin x) 4) (pow (cos x) 4)) 1) (- (+ (pow (sin x) 6) (pow (cos x) 6)) 1))	(/ 2 3)
(- (* 4 (+ (pow (sin y) 6) (pow (cos y) 6))) (* 6 (+ (pow (sin y) 4) (pow (cos y) 4))))	-2
(/ (- (pow (sec t) 4) (pow (sec t) 2)) (+ (pow (tan t) 4) (pow (tan t) 2)))	1
(+ (pow (tan x) 4) (pow (tan x) 2))	(pow (* (tan x) (sec x)) 2)
(+ (pow (cot x) 4) (pow (cot x) 2))	(pow (* (cot x) (csc x)) 2)
(- (pow (sec x) 4) (pow (sec x) 2))	(pow (* (tan x) (sec x)) 2)
(- (pow (csc x) 4) (pow (csc x) 2))	(pow (* (cot x) (csc x)) 2)
(+ (+ (sec a) (tan a)) (- (sec a) (tan a)))	(* 2 (sec a))
(- (+ (sec t) (tan t)) (/ 1 (+ (sec t) (tan t))))	(* 2 (tan t))
(+ (+ (sec t) (tan t)) (/ 1 (+ (sec t) (tan t))))	(* 2 (sec t))
(+ (+ (csc u) (cot u)) (/ 1 (+ (csc u) (cot u))))	(* 2 (csc u))
(- (+ (csc u) (cot u)) (/ 1 (+ (csc u) (cot u))))	(* 2 (cot u))
(- (/ 1 (- (sec x) (tan x))) (/ 1 (+ (sec x) (tan x))))	(* 2 (tan x))
(- (/ 1 (- (csc x) (cot x))) (/ 1 (+ (csc x) (cot x))))	(* 2 (cot x))
(- (- (pow (sec y) 2) 1) (* (pow (sin y) 2) (pow (sec y) 2)))	0
(- (- (pow (csc y) 2) 1) (* (pow (cos y) 2) (pow (csc y) 2)))	0
(- (pow (tan t) 2) (pow (* (tan t) (sin t)) 2))	(pow (sin t) 2)
(- (pow (cot t) 2) (pow (* (cot t) (cos t)) 2))	(pow (cos t) 2)
(+ (pow (sin a) 4) (* (pow (sin a) 2) (pow (cos a) 2)))	(pow (sin a) 2)
(+ (pow (cos a) 4) (* (pow (sin a) 2) (pow (cos a) 2)))	(pow (cos a) 2)
(pow (- (pow (sin u) 2) (pow (cos u) 2)) 2)	(pow (cos (* 2 u)) 2)
(* 4 (* (pow (sin u) 2) (pow (cos u) 2)))	(pow (sin (* 2 u)) 2)
(+ (pow (+ 1 (cot x)) 2) (pow (- 1 (cot x)) 2))	(* 2 (pow (csc x) 2))
(+ (+ (pow (sin b) 2) (pow (csc b) 2)) 2)	(pow (+ (sin b) (csc b)) 2)
(+ (+ (pow (cos b) 2) (pow (sec b) 2)) 2)	(pow (+ (cos b) (sec b)) 2)
(- (pow (+ (tan y) (cot y)) 2) (pow (- (tan y) (cot y)) 2))	4
(+ (pow (+ (sec t) (tan t)) 2) (pow (- (sec t) (tan t)) 2))	(+ 2 (* 4 (pow (tan t) 2)))
(+ (pow (+ (csc t) (cot t)) 2) (pow (- (csc t) (cot t)) 2))	(+ 2 (* 4 (pow (cot t) 2)))
(+ (+ (pow (sin x) 6) (pow (cos x) 6)) (* 3 (* (pow (sin x) 2) (pow (cos x) 2))))	1
(* (* (- 1 (sin a)) (+ 1 (sin a))) (+ 1 (pow (tan a) 2)))	1
(* (* (- 1 (cos a)) (+ 1 (cos a))) (+ 1 (pow (cot a) 2)))	1
(* (pow (tan u) 2) (- (pow (csc u) 2) 1))	1
(+ (* (pow (sin x) 4) (pow (csc x) 2)) (* (pow (cos x) 4) (pow (sec x) 2)))	1
(- (+ (pow (sec t) 4) (pow (tan t) 4)) (* 2 (* (pow (sec t) 2) (pow (tan t) 2))))	1
(- (+ (pow (csc t) 4) (pow (cot t) 4)) (* 2 (* (pow (csc t) 2) (pow (cot t) 2))))	1
(pow (- (pow (sec x) 2) (pow (tan x) 2)) 5)	1
(pow (- (pow (csc x) 2) (pow (cot x) 2)) 7)	1
(pow (+ (pow (sin y) 2) (pow (cos y) 2)) 3)	1
(+ (pow (+ 1 (sin t)) 2) (pow (- 1 (sin t)) 2))	(+ 2 (* 2 (pow (sin t) 2)))
(+ (pow (+ 1 (cos t)) 2) (pow (- 1 (cos t)) 2))	(+ 2 (* 2 (pow (cos t) 2)))
(* (+ (sin u) (cos u)) (- (sin u) (cos u)))	(* -1 (cos (* 2 u)))
(/ (+ (+ 10 (* 15 (cos (* 2 x)))) (+ (* 6 (cos (* 4 x))) (cos (* 6 x)))) 32)	(pow (cos x) 6)
(/ (- (- 10 (* 15 (cos (* 2 x)))) (- (cos (* 6 x)) (* 6 (cos (* 4 x))))) 32)	(pow (sin x) 6)
(- (+ (- (pow (sec a) 6) (* 3 (pow (sec a) 4))) (* 3 (pow (sec a) 2))) 1)	(pow (tan a) 6)
(- (+ (- (pow (csc a) 6) (* 3 (pow (csc a) 4))) (* 3 (pow (csc a) 2))) 1)	(pow (cot a) 6)
(+ (- (* 8 (pow (sin x) 4)) (* 8 (pow (sin x) 2))) 1)	(cos (* 4 x))
(+ (- (* 16 (pow (sin x) 5)) (* 20 (pow (sin x) 3))) (* 5 (sin x)))	(sin (* 5 x))
(+ (- (* 16 (pow (cos x) 5)) (* 20 (pow (cos x) 3))) (* 5 (cos x)))	(cos (* 5 x))
(* 2 (* (sin (* 3 x)) (cos (* 3 x))))	(sin (* 6 x))
(- (* 2 (pow (cos (* 3 x)) 2)) 1)	(cos (* 6 x))
(- (pow (cos (* 3 x)) 2) (pow (sin (* 3 x)) 2))	(cos (* 6 x))
(* 2 (* (sin (* 4 x)) (cos (* 4 x))))	(sin (* 8 x))
(- (* 2 (pow (cos (* 4 x)) 2)) 1)	(cos (* 8 x))
(- 1 (* 2 (pow (sin (* 4 x)) 2)))	(cos (* 8 x))
(- 1 (* 2 (pow (sin (* 2 x)) 2)))	(cos (* 4 x))
(- (* 8 (* (pow (cos x) 3) (sin x))) (* 4 (* (cos x) (sin x))))	(sin (* 4 x))
(* 4 (- (* (pow (cos x) 3) (sin x)) (* (cos x) (pow (sin x) 3))))	(sin (* 4 x))
(/ (sin (* 4 x)) (* 4 (sin x)))	(* (cos x) (cos (* 2 x)))
(/ (sin (* 4 x)) (* 4 (* (sin x) (cos x))))	(cos (* 2 x))
(/ (sin (* 4 x)) (* 2 (sin (* 2 x))))	(cos (* 2 x))
(/ (sin (* 8 x)) (* 2 (sin (* 4 x))))	(cos (* 4 x))
(/ (sin (* 6 x)) (* 2 (sin (* 3 x))))	(cos (* 3 x))
(/ (sin (* 16 x)) (* 2 (sin (* 8 x))))	(cos (* 8 x))
(/ (sin (* 4 x)) (* 4 (* (* (sin x) (cos x)) (cos (* 2 x)))))	1
(* (* (sin x) (cos x)) (* (cos (* 2 x)) (cos (* 4 x))))	(/ (sin (* 8 x)) 8)
(* (sin (* 2 x)) (* (cos (* 2 x)) (cos (* 4 x))))	(/ (sin (* 8 x)) 4)
(* (sin (* 2 x)) (cos (* 2 x)))	(/ (sin (* 4 x)) 2)
(* (sin (* 3 x)) (cos (* 3 x)))	(/ (sin (* 6 x)) 2)
(* (* (sin (/ x 2)) (cos (/ x 2))) (cos x))	(/ (sin (* 2 x)) 4)
(/ (sin (* 8 x)) (* 8 (* (* (sin x) (cos x)) (* (cos (* 2 x)) (cos (* 4 x))))))	1
(/ (sin (* 6 x)) (* 2 (* (sin (* 3 x)) (cos (* 3 x)))))	1
(+ (* (sin (* 3 x)) (cos x)) (* (cos (* 3 x)) (sin x)))	(sin (* 4 x))
(- (* (cos (* 3 x)) (cos x)) (* (sin (* 3 x)) (sin x)))	(cos (* 4 x))
(- (* (cos (* 3 x)) (cos (* 2 x))) (* (sin (* 3 x)) (sin (* 2 x))))	(cos (* 5 x))
(+ (* (sin (* 4 x)) (cos (* 2 x))) (* (cos (* 4 x)) (sin (* 2 x))))	(sin (* 6 x))
(- (* (cos (* 4 x)) (cos (* 2 x))) (* (sin (* 4 x)) (sin (* 2 x))))	(cos (* 6 x))
(+ (* (sin (* 4 x)) (cos (* 3 x))) (* (cos (* 4 x)) (sin (* 3 x))))	(sin (* 7 x))
(- (* (cos (* 4 x)) (cos (* 3 x))) (* (sin (* 4 x)) (sin (* 3 x))))	(cos (* 7 x))
(- (* (sin (* 5 x)) (cos (* 4 x))) (* (cos (* 5 x)) (sin (* 4 x))))	(sin x)
(+ (* (cos (* 6 x)) (cos (* 5 x))) (* (sin (* 6 x)) (sin (* 5 x))))	(cos x)
(+ (* (cos (* 5 x)) (cos x)) (* (sin (* 5 x)) (sin x)))	(cos (* 4 x))
(+ (* (cos (* 5 x)) (cos (* 2 x))) (* (sin (* 5 x)) (sin (* 2 x))))	(cos (* 3 x))
(- (* (sin (* 5 x)) (cos (* 2 x))) (* (cos (* 5 x)) (sin (* 2 x))))	(sin (* 3 x))
(- (* (sin (* 5 x)) (cos (* 3 x))) (* (cos (* 5 x)) (sin (* 3 x))))	(sin (* 2 x))
(- (* (sin (* 6 x)) (cos x)) (* (cos (* 6 x)) (sin x)))	(sin (* 5 x))
(- (* (sin (* 4 x)) (cos x)) (* (cos (* 4 x)) (sin x)))	(sin (* 3 x))
(- (* (sin (* 4 x)) (cos (* 2 x))) (* (cos (* 4 x)) (sin (* 2 x))))	(sin (* 2 x))
(+ (* (cos (* 4 x)) (cos x)) (* (sin (* 4 x)) (sin x)))	(cos (* 3 x))
(+ (* (cos (* 4 x)) (cos (* 2 x))) (* (sin (* 4 x)) (sin (* 2 x))))	(cos (* 2 x))
(/ (+ (tan (* 3 x)) (tan x)) (- 1 (* (tan (* 3 x)) (tan x))))	(tan (* 4 x))
(/ (- (tan (* 5 x)) (tan (* 3 x))) (+ 1 (* (tan (* 5 x)) (tan (* 3 x)))))	(tan (* 2 x))
(/ (+ (tan (* 4 x)) (tan (* 2 x))) (- 1 (* (tan (* 4 x)) (tan (* 2 x)))))	(tan (* 6 x))
(/ (* 2 (tan (* 3 x))) (- 1 (pow (tan (* 3 x)) 2)))	(tan (* 6 x))
(/ (+ (sin (* 2 x)) (+ (sin (* 4 x)) (sin (* 6 x)))) (+ (cos (* 2 x)) (+ (cos (* 4 x)) (cos (* 6 x)))))	(tan (* 4 x))
(/ (+ (sin x) (+ (sin (* 3 x)) (sin (* 5 x)))) (+ (cos x) (+ (cos (* 3 x)) (cos (* 5 x)))))	(tan (* 3 x))
(/ (+ (sin (* 2 x)) (sin (* 6 x))) (+ (cos (* 2 x)) (cos (* 6 x))))	(tan (* 4 x))
(/ (+ (sin (* 7 x)) (sin x)) (+ (cos (* 7 x)) (cos x)))	(tan (* 4 x))
(/ (- (sin (* 5 x)) (sin x)) (+ (cos (* 5 x)) (cos x)))	(tan (* 2 x))
(/ (- (sin (* 7 x)) (sin x)) (+ (cos (* 7 x)) (cos x)))	(tan (* 3 x))
(/ (- (cos x) (cos (* 7 x))) (+ (sin (* 7 x)) (sin x)))	(tan (* 3 x))
(/ (+ (sin (* 9 x)) (sin (* 3 x))) (+ (cos (* 9 x)) (cos (* 3 x))))	(tan (* 6 x))
(/ (+ (cos (* 2 x)) (cos (* 4 x))) (+ (sin (* 2 x)) (sin (* 4 x))))	(cot (* 3 x))
(/ (+ (sin (* 2 x)) (sin (* 4 x))) (- (cos (* 2 x)) (cos (* 4 x))))	(cot x)
(/ (- (sin (* 4 x)) (sin (* 2 x))) (- (cos (* 2 x)) (cos (* 4 x))))	(cot (* 3 x))
(/ (+ (sin x) (sin (* 2 x))) (- (cos x) (cos (* 2 x))))	(cot (/ x 2))
(/ (+ (sin x) (sin (* 2 x))) (+ (cos x) (cos (* 2 x))))	(tan (/ (* 3 x) 2))
(/ (+ (cos x) (cos (* 2 x))) (+ (sin x) (sin (* 2 x))))	(cot (/ (* 3 x) 2))
(/ (- (sin x) (sin (* 2 x))) (+ (cos x) (cos (* 2 x))))	(* -1 (tan (/ x 2)))
(/ (+ (cos x) (cos (* 3 x))) (* 2 (cos x)))	(cos (* 2 x))
(/ (+ (cos (* 4 x)) (cos (* 2 x))) (* 2 (cos (* 3 x))))	(cos x)
(/ (+ (sin (* 5 x)) (sin (* 3 x))) (* 2 (cos x)))	(sin (* 4 x))
(/ (- (cos (* 2 x)) (cos (* 6 x))) (* 2 (sin (* 4 x))))	(sin (* 2 x))
(/ (- (sin (* 6 x)) (sin (* 2 x))) (* 2 (cos (* 4 x))))	(sin (* 2 x))
(/ (+ (cos (* 6 x)) (cos (* 2 x))) (* 2 (cos (* 4 x))))	(cos (* 2 x))
(/ (+ (cos (* 3 x)) (cos (* 5 x))) (* 2 (cos (* 4 x))))	(cos x)
(/ (- (sin (* 4 x)) (sin (* 2 x))) (* 2 (cos (* 3 x))))	(sin x)
(/ (+ (sin (* 8 x)) (sin (* 4 x))) (* 2 (sin (* 6 x))))	(cos (* 2 x))
(/ (- (cos (* 4 x)) (cos (* 8 x))) (* 2 (sin (* 6 x))))	(sin (* 2 x))
(/ (+ (sin (* 5 x)) (sin x)) (* 2 (sin (* 3 x))))	(cos (* 2 x))
(/ (- (cos x) (cos (* 5 x))) (* 2 (sin (* 3 x))))	(sin (* 2 x))
(/ (tan x) (+ (sec x) 1))	(tan (/ x 2))
(/ (- (sec x) 1) (tan x))	(tan (/ x 2))
(/ (tan x) (- (sec x) 1))	(cot (/ x 2))
(/ (+ (sec x) 1) (tan x))	(cot (/ x 2))
(/ (- (cot (/ x 2)) (tan (/ x 2))) (+ (cot (/ x 2)) (tan (/ x 2))))	(cos x)
(* (- 1 (cos x)) (cot (/ x 2)))	(sin x)
(- (cot (/ x 2)) (csc x))	(cot x)
(/ (- (sec x) 1) (* 2 (sec x)))	(pow (sin (/ x 2)) 2)
(/ (+ (sec x) 1) (* 2 (sec x)))	(pow (cos (/ x 2)) 2)
(/ (- (csc x) (cot x)) (+ (csc x) (cot x)))	(pow (tan (/ x 2)) 2)
(/ (+ 1 (tan (/ x 2))) (- 1 (tan (/ x 2))))	(+ (sec x) (tan x))
(/ (- 1 (tan (/ x 2))) (+ 1 (tan (/ x 2))))	(- (sec x) (tan x))
(tan (+ (/ pi 4) (/ x 2)))	(+ (sec x) (tan x))
(tan (- (/ pi 4) (/ x 2)))	(- (sec x) (tan x))
(/ (+ (- 1 (cos x)) (sin x)) (+ (+ 1 (cos x)) (sin x)))	(tan (/ x 2))
(/ (- 1 (cos (* 6 x))) (sin (* 6 x)))	(tan (* 3 x))
(/ (sin (* 6 x)) (+ 1 (cos (* 6 x))))	(tan (* 3 x))
(/ (- 1 (cos (* 8 x))) (+ 1 (cos (* 8 x))))	(pow (tan (* 4 x)) 2)
(/ (- 1 (cos (* 4 x))) (+ 1 (cos (* 4 x))))	(pow (tan (* 2 x)) 2)
(/ (+ 1 (cos (* 4 x))) 2)	(pow (cos (* 2 x)) 2)
(/ (+ 1 (cos (* 6 x))) 2)	(pow (cos (* 3 x)) 2)
(/ (- 1 (cos (* 6 x))) 2)	(pow (sin (* 3 x)) 2)
(/ (- 1 (cos (* 8 x))) 2)	(pow (sin (* 4 x)) 2)
(/ (sin (* 4 x)) (sin (* 2 x)))	(* 2 (cos (* 2 x)))
(/ (sin (* 4 x)) (cos (* 2 x)))	(* 2 (sin (* 2 x)))
(/ (sin (* 6 x)) (sin (* 3 x)))	(* 2 (cos (* 3 x)))
(/ (cos (* 4 x)) (+ (cos (* 2 x)) (sin (* 2 x))))	(- (cos (* 2 x)) (sin (* 2 x)))
(+ (cos (* 4 x)) (* 2 (pow (sin (* 2 x)) 2)))	1
(- (pow (cos (* 2 x)) 4) (pow (sin (* 2 x)) 4))	(cos (* 4 x))
(- (/ (sin (* 5 x)) (sin x)) (/ (cos (* 5 x)) (cos x)))	(* 4 (cos (* 2 x)))
(+ (/ (sin (* 6 x)) (sin (* 2 x))) (/ (cos (* 6 x)) (cos (* 2 x))))	(* 4 (cos (* 4 x)))
(/ (pow (sec x) 2) (- 2 (pow (sec x) 2)))	(sec (* 2 x))
(/ (pow (csc x) 2) (- (pow (csc x) 2) 2))	(sec (* 2 x))
(/ (* (csc x) (sec x)) 2)	(csc (* 2 x))
(- (cot (* 2 x)) (cot (* 4 x)))	(csc (* 4 x))
(+ (csc (* 2 x)) (csc (* 4 x)))	(- (cot x) (cot (* 4 x)))
(+ (csc (* 2 x)) (+ (csc (* 4 x)) (csc (* 8 x))))	(- (cot x) (cot (* 8 x)))
(+ (tan x) (+ (* 2 (tan (* 2 x))) (* 4 (tan (* 4 x)))))	(- (cot x) (* 8 (cot (* 8 x))))
(* (pow (sin x) 3) (pow (cos x) 3))	(/ (pow (sin (* 2 x)) 3) 8)
(/ (+ (- (* 10 (sin x)) (* 5 (sin (* 3 x)))) (sin (* 5 x))) 16)	(pow (sin x) 5)
(/ (+ (+ (* 10 (cos x)) (* 5 (cos (* 3 x)))) (cos (* 5 x))) 16)	(pow (cos x) 5)
(/ (- (* 3 (sin (* 2 x))) (sin (* 6 x))) 4)	(pow (sin (* 2 x)) 3)
(/ (+ (cos (* 6 x)) (* 3 (cos (* 2 x)))) 4)	(pow (cos (* 2 x)) 3)
(/ (- (pow (cot x) 3) (* 3 (cot x))) (- (* 3 (pow (cot x) 2)) 1))	(cot (* 3 x))
(/ (sin (* 5 x)) (+ (- (* 16 (pow (cos x) 4)) (* 12 (pow (cos x) 2))) 1))	(sin x)
(/ (cos (* 5 x)) (+ (- (* 16 (pow (sin x) 4)) (* 12 (pow (sin x) 2))) 1))	(cos x)
(/ (sin (* 5 x)) (+ (* 2 (cos (* 4 x))) (+ (* 2 (cos (* 2 x))) 1)))	(sin x)
(+ (cos x) (+ (cos (* 3 x)) (cos (* 5 x))))	(/ (sin (* 6 x)) (* 2 (sin x)))
(+ (sin x) (+ (sin (* 3 x)) (sin (* 5 x))))	(/ (pow (sin (* 3 x)) 2) (sin x))
(/ (- (* (sin (* 3 x)) (cos x)) (* (cos (* 3 x)) (sin x))) (sin (* 2 x)))	1
(/ (+ 1 (+ (cos (* 2 x)) (sin (* 2 x)))) (+ 1 (- (sin (* 2 x)) (cos (* 2 x)))))	(cot x)
(/ (+ (sin (* 2 x)) (sin (* 2 y))) (+ (cos (* 2 x)) (cos (* 2 y))))	(tan (+ x y))
(/ (- (sin (* 2 x)) (sin (* 2 y))) (+ (cos (* 2 x)) (cos (* 2 y))))	(tan (- x y))
(* (+ (sin a) (cos a)) (+ (sin b) (cos b)))	(+ (sin (+ a b)) (cos (- a b)))
(* (- (sin a) (cos a)) (+ (sin b) (cos b)))	(- (sin (- a b)) (cos (+ a b)))
(* (- (cos a) (sin a)) (- (cos b) (sin b)))	(- (cos (- a b)) (sin (+ a b)))
(+ (pow (+ (cos a) (cos b)) 2) (pow (+ (sin a) (sin b)) 2))	(+ 2 (* 2 (cos (- a b))))
(+ (pow (- (cos a) (cos b)) 2) (pow (- (sin a) (sin b)) 2))	(- 2 (* 2 (cos (- a b))))
(- (+ (pow (cos a) 2) (pow (cos b) 2)) 1)	(* (cos (+ a b)) (cos (- a b)))
(- 1 (+ (pow (sin a) 2) (pow (sin b) 2)))	(* (cos (+ a b)) (cos (- a b)))
(+ (* (sin (+ a b)) (sin (- a b))) (pow (sin b) 2))	(pow (sin a) 2)
(+ (* (sin (+ a b)) (sin (- a b))) (pow (cos a) 2))	(pow (cos b) 2)
(+ (* (cos (+ a b)) (cos (- a b))) (pow (sin b) 2))	(pow (cos a) 2)
(- (pow (cos b) 2) (* (cos (+ a b)) (cos (- a b))))	(pow (sin a) 2)
(- (* (pow (cos a) 2) (pow (cos b) 2)) (* (pow (sin a) 2) (pow (sin b) 2)))	(* (cos (+ a b)) (cos (- a b)))
(- (pow (cos (+ a b)) 2) (pow (sin (- a b)) 2))	(* (cos (* 2 a)) (cos (* 2 b)))
(- (pow (cos (- a b)) 2) (pow (cos (+ a b)) 2))	(* (sin (* 2 a)) (sin (* 2 b)))
(* (* (sec a) (sec b)) (sin (+ a b)))	(+ (tan a) (tan b))
(* (* (sec a) (sec b)) (sin (- a b)))	(- (tan a) (tan b))
(* (* (csc a) (csc b)) (sin (+ a b)))	(+ (cot a) (cot b))
(* (* (csc a) (csc b)) (sin (- a b)))	(- (cot b) (cot a))
(* (* (sec a) (sec b)) (cos (- a b)))	(+ 1 (* (tan a) (tan b)))
(* (* (sec a) (sec b)) (cos (+ a b)))	(- 1 (* (tan a) (tan b)))
(* (* (csc a) (csc b)) (cos (- a b)))	(+ (* (cot a) (cot b)) 1)
(* (* (csc a) (csc b)) (cos (+ a b)))	(- (* (cot a) (cot b)) 1)
(* (* (csc a) (sec b)) (sin (- a b)))	(- 1 (* (cot a) (tan b)))
(* (* (sec a) (csc b)) (sin (+ a b)))	(+ (* (tan a) (cot b)) 1)
(/ (* (sec a) (sec b)) (- 1 (* (tan a) (tan b))))	(sec (+ a b))
(/ (* (sec a) (sec b)) (+ 1 (* (tan a) (tan b))))	(sec (- a b))
(/ (* (sec a) (sec b)) (+ (tan a) (tan b)))	(csc (+ a b))
(/ (* (sec a) (sec b)) (- (tan a) (tan b)))	(csc (- a b))
(/ (* (csc a) (csc b)) (+ (cot a) (cot b)))	(csc (+ a b))
(/ (* (csc a) (csc b)) (- (cot b) (cot a)))	(csc (- a b))
(/ (* (csc a) (csc b)) (+ (* (cot a) (cot b)) 1))	(sec (- a b))
(/ (* (csc a) (csc b)) (- (* (cot a) (cot b)) 1))	(sec (+ a b))
(/ (cos (- a b)) (* (cos a) (sin b)))	(+ (tan a) (cot b))
(/ (cos (+ a b)) (* (cos a) (sin b)))	(- (cot b) (tan a))
(/ (- (cos (- a b)) (cos (+ a b))) (+ (cos (- a b)) (cos (+ a b))))	(* (tan a) (tan b))
(/ (+ (cos (- a b)) (cos (+ a b))) (- (cos (- a b)) (cos (+ a b))))	(* (cot a) (cot b))
(/ (+ (sin (+ a b)) (sin (- a b))) (- (sin (+ a b)) (sin (- a b))))	(/ (tan a) (tan b))
(/ (+ (cot a) (cot b)) (- (cot b) (cot a)))	(/ (sin (+ a b)) (sin (- a b)))
(* (tan (+ a b)) (- 1 (* (tan a) (tan b))))	(+ (tan a) (tan b))
(* (tan (- a b)) (+ 1 (* (tan a) (tan b))))	(- (tan a) (tan b))
(* (cot (+ a b)) (+ (cot a) (cot b)))	(- (* (cot a) (cot b)) 1)
(* (cot (- a b)) (- (cot b) (cot a)))	(+ (* (cot a) (cot b)) 1)
(+ (+ (tan a) (tan b)) (* (tan (+ a b)) (* (tan a) (tan b))))	(tan (+ a b))
(+ (* (tan a) (tan b)) (* (+ (tan a) (tan b)) (cot (+ a b))))	1
(- (* (cot a) (cot b)) (* (+ (cot a) (cot b)) (cot (+ a b))))	1
(/ (- (- (tan (+ a b)) (tan a)) (tan b)) (* (tan a) (tan b)))	(tan (+ a b))
(/ (sin b) (* (cos a) (cos (+ a b))))	(- (tan (+ a b)) (tan a))
(/ (sin b) (* (sin a) (sin (+ a b))))	(- (cot a) (cot (+ a b)))
(/ (sin (* 2 a)) (* (cos (+ a b)) (cos (- a b))))	(+ (tan (+ a b)) (tan (- a b)))
(/ (sin (* 2 b)) (* (cos (+ a b)) (cos (- a b))))	(- (tan (+ a b)) (tan (- a b)))
(/ (sin (* 2 a)) (* (sin (+ a b)) (sin (- a b))))	(+ (cot (- a b)) (cot (+ a b)))
(/ (sin (* 2 b)) (* (sin (+ a b)) (sin (- a b))))	(- (cot (- a b)) (cot (+ a b)))
(+ (* 2 (* (sin a) (cos (+ a b)))) (sin b))	(sin (+ (* 2 a) b))
(- (cos b) (* 2 (* (sin a) (sin (+ a b)))))	(cos (+ (* 2 a) b))
(+ (* (sin (+ a b)) (cos a)) (* (cos (+ a b)) (sin a)))	(sin (+ (* 2 a) b))
(- (* (cos (+ a b)) (cos a)) (* (sin (+ a b)) (sin a)))	(cos (+ (* 2 a) b))
(* 2 (* (sin (+ a b)) (cos (- a b))))	(+ (sin (* 2 a)) (sin (* 2 b)))
(* 2 (* (cos (+ a b)) (sin (- a b))))	(- (sin (* 2 a)) (sin (* 2 b)))
(* 2 (* (cos (+ a b)) (cos (- a b))))	(+ (cos (* 2 a)) (cos (* 2 b)))
(* 2 (* (sin (+ a b)) (sin (- a b))))	(- (cos (* 2 b)) (cos (* 2 a)))
(+ (* (sin a) (cos a)) (* (sin b) (cos b)))	(* (sin (+ a b)) (cos (- a b)))
(- (* (sin a) (cos a)) (* (sin b) (cos b)))	(* (cos (+ a b)) (sin (- a b)))
(* (tan (/ (+ a b) 2)) (cot (/ (- a b) 2)))	(/ (+ (sin a) (sin b)) (- (sin a) (sin b)))
(* (cot (/ (+ a b) 2)) (cot (/ (- a b) 2)))	(/ (+ (cos a) (cos b)) (- (cos b) (cos a)))
(/ (+ (sin a) (sin b)) (- (cos a) (cos b)))	(* -1 (cot (/ (- a b) 2)))
(* (tan (/ (- a b) 2)) (cot (/ (+ a b) 2)))	(/ (- (sin a) (sin b)) (+ (sin a) (sin b)))
(- (+ (pow (sin a) 2) (pow (sin b) 2)) (* 2 (* (* (sin a) (sin b)) (cos (- a b)))))	(pow (sin (- a b)) 2)
(+ (+ (pow (sin a) 2) (pow (sin b) 2)) (* 2 (* (* (sin a) (sin b)) (cos (+ a b)))))	(pow (sin (+ a b)) 2)
(- (+ (pow (cos a) 2) (pow (cos b) 2)) (* 2 (* (* (cos a) (cos b)) (cos (+ a b)))))	(pow (sin (+ a b)) 2)
(- (+ (pow (cos a) 2) (pow (cos b) 2)) (* 2 (* (* (cos a) (cos b)) (cos (- a b)))))	(pow (sin (- a b)) 2)
(/ (- (pow (tan a) 2) (pow (tan b) 2)) (- 1 (* (pow (tan a) 2) (pow (tan b) 2))))	(* (tan (+ a b)) (tan (- a b)))
(/ (- (pow (sin a) 2) (pow (sin b) 2)) (- (pow (cos a) 2) (pow (sin b) 2)))	(* (tan (+ a b)) (tan (- a b)))
(/ (- 1 (* (tan a) (tan b))) (* (sec a) (sec b)))	(cos (+ a b))
(/ (+ (tan a) (tan b)) (* (sec a) (sec b)))	(sin (+ a b))
(/ (+ 1 (* (tan a) (tan b))) (* (sec a) (sec b)))	(cos (- a b))
(/ (- (tan a) (tan b)) (* (sec a) (sec b)))	(sin (- a b))
(/ (+ (cot a) (cot b)) (* (csc a) (csc b)))	(sin (+ a b))
(/ (- (cot b) (cot a)) (* (csc a) (csc b)))	(sin (- a b))
(/ (+ (* (cot a) (cot b)) 1) (* (csc a) (csc b)))	(cos (- a b))
(/ (- (* (cot a) (cot b)) 1) (* (csc a) (csc b)))	(cos (+ a b))
(* 4 (* (sin (/ (+ a b) 2)) (* (cos (/ a 2)) (cos (/ b 2)))))	(+ (sin a) (+ (sin b) (sin (+ a b))))
(* 4 (* (cos (/ a 2)) (* (cos (/ b 2)) (cos (/ (+ a b) 2)))))	(+ 1 (+ (cos a) (+ (cos b) (cos (+ a b)))))
(+ (/ (sin (- a b)) (* (cos a) (cos b))) (+ (/ (sin (- b c)) (* (cos b) (cos c))) (/ (sin (- c a)) (* (cos c) (cos a)))))	0
(+ (/ (sin (- a b)) (* (sin a) (sin b))) (+ (/ (sin (- b c)) (* (sin b) (sin c))) (/ (sin (- c a)) (* (sin c) (sin a)))))	0
(+ (* (sin (+ a b)) (sin (- a b))) (+ (* (sin (+ b c)) (sin (- b c))) (* (sin (+ c a)) (sin (- c a)))))	0
(+ (* (cos (+ a b)) (sin (- a b))) (+ (* (cos (+ b c)) (sin (- b c))) (* (cos (+ c a)) (sin (- c a)))))	0
(+ (* (sin a) (sin (- b c))) (+ (* (sin b) (sin (- c a))) (* (sin c) (sin (- a b)))))	0
(+ (* (cos a) (sin (- b c))) (+ (* (cos b) (sin (- c a))) (* (cos c) (sin (- a b)))))	0
(+ (/ (* (sin (+ a b)) (sin (- a b))) (* (pow (sin a) 2) (pow (sin b) 2))) (+ (/ (* (sin (+ b c)) (sin (- b c))) (* (pow (sin b) 2) (pow (sin c) 2))) (/ (* (sin (+ c a)) (sin (- c a))) (* (pow (sin c) 2) (pow (sin a) 2)))))	0
(+ (/ (* (sin (+ a b)) (sin (- a b))) (* (pow (cos a) 2) (pow (cos b) 2))) (+ (/ (* (sin (+ b c)) (sin (- b c))) (* (pow (cos b) 2) (pow (cos c) 2))) (/ (* (sin (+ c a)) (sin (- c a))) (* (pow (cos c) 2) (pow (cos a) 2)))))	0
(- (+ (tan (- a b)) (+ (tan (- b c)) (tan (- c a)))) (* (tan (- a b)) (* (tan (- b c)) (tan (- c a)))))	0
(+ (* (cot (- a b)) (cot (- b c))) (+ (* (cot (- b c)) (cot (- c a))) (* (cot (- c a)) (cot (- a b)))))	1
(- (+ (+ (* (sin a) (* (cos b) (cos c))) (* (cos a) (* (sin b) (cos c)))) (* (cos a) (* (cos b) (sin c)))) (* (sin a) (* (sin b) (sin c))))	(sin (+ a (+ b c)))
(- (* (cos a) (* (cos b) (cos c))) (+ (* (sin a) (* (sin b) (cos c))) (+ (* (sin a) (* (cos b) (sin c))) (* (cos a) (* (sin b) (sin c))))))	(cos (+ a (+ b c)))
(+ (* (sin (+ a b)) (cos c)) (* (cos (+ a b)) (sin c)))	(sin (+ a (+ b c)))
(- (* (cos (+ a b)) (cos c)) (* (sin (+ a b)) (sin c)))	(cos (+ a (+ b c)))
(- (+ (tan a) (+ (tan b) (tan c))) (* (tan a) (* (tan b) (tan c))))	(/ (sin (+ a (+ b c))) (* (cos a) (* (cos b) (cos c))))
(- (- (- 1 (* (tan a) (tan b))) (* (tan b) (tan c))) (* (tan c) (tan a)))	(/ (cos (+ a (+ b c))) (* (cos a) (* (cos b) (cos c))))
(/ (- (+ (tan a) (+ (tan b) (tan c))) (* (tan a) (* (tan b) (tan c)))) (- (- (- 1 (* (tan a) (tan b))) (* (tan b) (tan c))) (* (tan c) (tan a))))	(tan (+ a (+ b c)))
(- (* (cos (- a b)) (cos (- b c))) (* (sin (- a b)) (sin (- b c))))	(cos (- a c))
(+ (* (sin (- a b)) (cos (- b c))) (* (cos (- a b)) (sin (- b c))))	(sin (- a c))
(/ (+ (tan (- a b)) (tan (- b c))) (- 1 (* (tan (- a b)) (tan (- b c)))))	(tan (- a c))
(- (* (sin a) (cos (- b c))) (* (sin b) (cos (- a c))))	(* (sin (- a b)) (cos c))
(- (* (cos a) (cos (- b c))) (* (cos b) (cos (- a c))))	(* -1 (* (sin (- a b)) (sin c)))
(- (* (cos a) (cos (- b c))) (* (sin a) (sin (- b c))))	(cos (- (+ a b) c))
(+ (* (sin a) (cos (- b c))) (* (cos a) (sin (- b c))))	(sin (- (+ a b) c))
(+ (sin (+ a (+ b c))) (sin (- (+ a b) c)))	(* 2 (* (sin (+ a b)) (cos c)))
(+ (cos (+ a (+ b c))) (cos (- (+ a b) c)))	(* 2 (* (cos (+ a b)) (cos c)))
(- (cos (- (+ a b) c)) (cos (+ a (+ b c))))	(* 2 (* (sin (+ a b)) (sin c)))
(- (sin (+ a (+ b c))) (sin (- (+ a b) c)))	(* 2 (* (cos (+ a b)) (sin c)))
(- (+ (sin (- (+ a b) c)) (+ (sin (- (+ b c) a)) (sin (- (+ c a) b)))) (sin (+ a (+ b c))))	(* 4 (* (sin a) (* (sin b) (sin c))))
(+ (cos (+ a (+ b c))) (+ (cos (- (+ a b) c)) (+ (cos (- (+ b c) a)) (cos (- (+ c a) b)))))	(* 4 (* (cos a) (* (cos b) (cos c))))
(+ (* (cos (+ a b)) (sin c)) (+ (* (cos (+ b c)) (sin a)) (* (cos (+ c a)) (sin b))))	(- (sin (+ a (+ b c))) (* 2 (* (sin a) (* (sin b) (sin c)))))
(+ (* (cos (+ a b)) (cos (- a b))) (+ (* (cos (+ b c)) (cos (- b c))) (* (cos (+ c a)) (cos (- c a)))))	(+ (cos (* 2 a)) (+ (cos (* 2 b)) (cos (* 2 c))))
(+ (* (sin (+ a b)) (cos (- a b))) (+ (* (sin (+ b c)) (cos (- b c))) (* (sin (+ c a)) (cos (- c a)))))	(+ (sin (* 2 a)) (+ (sin (* 2 b)) (sin (* 2 c))))
(* -1 (* 4 (* (sin (/ (- a b) 2)) (* (sin (/ (- b c) 2)) (sin (/ (- c a) 2))))))	(+ (sin (- a b)) (+ (sin (- b c)) (sin (- c a))))
(- (* 4 (* (cos (/ (- a b) 2)) (* (cos (/ (- b c) 2)) (cos (/ (- c a) 2))))) 1)	(+ (cos (- a b)) (+ (cos (- b c)) (cos (- c a))))
